time,x,y,psi,u,v,r,left,right
0,0,0,0,0,0,0,0,0
0.005,0,0,0,0,0,0,0,0
0.01,0,0,0,0,0,0,0,0
0.015,0,0,0,0,0,0,0,0
0.02,0,0,0,0,0,0,0,0
0.025,0,0,0,0,0,0,0,0
0.03,0,0,0,0,0,0,0,0
0.035,0,0,0,0,0,0,0,0
0.04,0,0,0,0,0,0,0,0
0.045,0,0,0,0,0,0,0,0
0.05,0,0,0,0,0,0,0,0
0.055,0,0,0,0,0,0,0,0
0.06,0,0,0,0,0,0,0,0
0.065,0,0,0,0,0,0,0,0
0.07,0,0,0,0,0,0,0,0
0.075,0,0,0,0,0,0,0,0
0.08,0,0,0,0,0,0,0,0
0.085,0,0,0,0,0,0,0,0
0.09,0,0,0,0,0,0,0,0
0.095,0,0,0,0,0,0,0,0
0.1,0,0,0,0,0,0,0,0
0.105,0,0,0,0,0,0,0,0
0.11,0,0,0,0,0,0,0,0
0.115,0,0,0,0,0,0,0,0
0.12,0,0,0,0,0,0,0,0
0.125,0,0,0,0,0,0,0,0
0.13,0,0,0,0,0,0,0,0
0.135,0,0,0,0,0,0,0,0
0.14,0,0,0,0,0,0,0,0
0.145,0,0,0,0,0,0,0,0
0.15,0,0,0,0,0,0,0,0
0.155,0,0,0,0,0,0,0,0
0.16,0,0,0,0,0,0,0,0
0.165,0,0,0,0,0,0,0,0
0.17,0,0,0,0,0,0,0,0
0.175,0,0,0,0,0,0,0,0
0.18,0,0,0,0,0,0,0,0
0.185,0,0,0,0,0,0,0,0
0.19,0,0,0,0,0,0,0,0
0.195,0,0,0,0,0,0,0,0
0.2,0,0,0,0,0,0,0,0
0.205,0,0,0,0,0,0,0,0
0.21,0,0,0,0,0,0,0,0
0.215,0,0,0,0,0,0,0,0
0.22,0,0,0,0,0,0,0,0
0.225,0,0,0,0,0,0,0,0
0.23,0,0,0,0,0,0,0,0
0.235,0,0,0,0,0,0,0,0
0.24,0,0,0,0,0,0,0,0
0.245,0,0,0,0,0,0,0,0
0.25,0,0,0,0,0,0,0,0
0.255,0,0,0,0,0,0,0,0
0.26,0,0,0,0,0,0,0,0
0.265,0,0,0,0,0,0,0,0
0.27,0,0,0,0,0,0,0,0
0.275,0,0,0,0,0,0,0,0
0.28,0,0,0,0,0,0,0,0
0.285,0,0,0,0,0,0,0,0
0.29,0,0,0,0,0,0,0,0
0.295,0,0,0,0,0,0,0,0
0.3,0,0,0,0,0,0,0,0
0.305,0,0,0,0,0,0,0,0
0.31,0,0,0,0,0,0,0,0
0.315,0,0,0,0,0,0,0,0
0.32,0,0,0,0,0,0,0,0
0.325,0,0,0,0,0,0,0,0
0.33,0,0,0,0,0,0,0,0
0.335,0,0,0,0,0,0,0,0
0.34,0,0,0,0,0,0,0,0
0.345,0,0,0,0,0,0,0,0
0.35,0,0,0,0,0,0,0,0
0.355,0,0,0,0,0,0,0,0
0.36,0,0,0,0,0,0,0,0
0.365,0,0,0,0,0,0,0,0
0.37,0,0,0,0,0,0,0,0
0.375,0,0,0,0,0,0,0,0
0.38,0,0,0,0,0,0,0,0
0.385,0,0,0,0,0,0,0,0
0.39,0,0,0,0,0,0,0,0
0.395,0,0,0,0,0,0,0,0
0.4,0,0,0,0,0,0,0,0
0.405,0,0,0,0,0,0,0,0
0.41,0,0,0,0,0,0,0,0
0.415,0,0,0,0,0,0,0,0
0.42,0,0,0,0,0,0,0,0
0.425,0,0,0,0,0,0,0,0
0.43,0,0,0,0,0,0,0,0
0.435,0,0,0,0,0,0,0,0
0.44,0,0,0,0,0,0,0,0
0.445,0,0,0,0,0,0,0,0
0.45,0,0,0,0,0,0,0,0
0.455,0,0,0,0,0,0,0,0
0.46,0,0,0,0,0,0,0,0
0.465,0,0,0,0,0,0,0,0
0.47,0,0,0,0,0,0,0,0
0.475,0,0,0,0,0,0,0,0
0.48,0,0,0,0,0,0,0,0
0.485,0,0,0,0,0,0,0,0
0.49,0,0,0,0,0,0,0,0
0.495,0,0,0,0,0,0,0,0
0.5,0,0,0,0,0,0,0,0
0.505,0,0,0,0,0,0,0,0
0.51,0,0,0,0,0,0,0,0
0.515,0,0,0,0,0,0,0,0
0.52,0,0,0,0,0,0,0,0
0.525,0,0,0,0,0,0,0,0
0.53,0,0,0,0,0,0,0,0
0.535,0,0,0,0,0,0,0,0
0.54,0,0,0,0,0,0,0,0
0.545,0,0,0,0,0,0,0,0
0.55,0,0,0,0,0,0,0,0
0.555,0,0,0,0,0,0,0,0
0.56,0,0,0,0,0,0,0,0
0.565,0,0,0,0,0,0,0,0
0.57,0,0,0,0,0,0,0,0
0.575,0,0,0,0,0,0,0,0
0.58,0,0,0,0,0,0,0,0
0.585,0,0,0,0,0,0,0,0
0.59,0,0,0,0,0,0,0,0
0.595,0,0,0,0,0,0,0,0
0.6,0,0,0,0,0,0,0,0
0.605,0,0,0,0,0,0,0,0
0.61,0,0,0,0,0,0,0,0
0.615,0,0,0,0,0,0,0,0
0.62,0,0,0,0,0,0,0,0
0.625,0,0,0,0,0,0,0,0
0.63,0,0,0,0,0,0,0,0
0.635,0,0,0,0,0,0,0,0
0.64,0,0,0,0,0,0,0,0
0.645,0,0,0,0,0,0,0,0
0.65,0,0,0,0,0,0,0,0
0.655,0,0,0,0,0,0,0,0
0.66,0,0,0,0,0,0,0,0
0.665,0,0,0,0,0,0,0,0
0.67,0,0,0,0,0,0,0,0
0.675,0,0,0,0,0,0,0,0
0.68,0,0,0,0,0,0,0,0
0.685,0,0,0,0,0,0,0,0
0.69,0,0,0,0,0,0,0,0
0.695,0,0,0,0,0,0,0,0
0.7,0,0,0,0,0,0,0,0
0.705,0,0,0,0,0,0,0,0
0.71,0,0,0,0,0,0,0,0
0.715,0,0,0,0,0,0,0,0
0.72,0,0,0,0,0,0,0,0
0.725,0,0,0,0,0,0,0,0
0.73,0,0,0,0,0,0,0,0
0.735,0,0,0,0,0,0,0,0
0.74,0,0,0,0,0,0,0,0
0.745,0,0,0,0,0,0,0,0
0.75,0,0,0,0,0,0,0,0
0.755,0,0,0,0,0,0,0,0
0.76,0,0,0,0,0,0,0,0
0.765,0,0,0,0,0,0,0,0
0.77,0,0,0,0,0,0,0,0
0.775,0,0,0,0,0,0,0,0
0.78,0,0,0,0,0,0,0,0
0.785,0,0,0,0,0,0,0,0
0.79,0,0,0,0,0,0,0,0
0.795,0,0,0,0,0,0,0,0
0.8,0,0,0,0,0,0,0,0
0.805,0,0,0,0,0,0,0,0
0.81,0,0,0,0,0,0,0,0
0.815,0,0,0,0,0,0,0,0
0.82,0,0,0,0,0,0,0,0
0.825,0,0,0,0,0,0,0,0
0.83,0,0,0,0,0,0,0,0
0.835,0,0,0,0,0,0,0,0
0.84,0,0,0,0,0,0,0,0
0.845,0,0,0,0,0,0,0,0
0.85,0,0,0,0,0,0,0,0
0.855,0,0,0,0,0,0,0,0
0.86,0,0,0,0,0,0,0,0
0.865,0,0,0,0,0,0,0,0
0.87,0,0,0,0,0,0,0,0
0.875,0,0,0,0,0,0,0,0
0.88,0,0,0,0,0,0,0,0
0.885,0,0,0,0,0,0,0,0
0.89,0,0,0,0,0,0,0,0
0.895,0,0,0,0,0,0,0,0
0.9,0,0,0,0,0,0,0,0
0.905,0,0,0,0,0,0,0,0
0.91,0,0,0,0,0,0,0,0
0.915,0,0,0,0,0,0,0,0
0.92,0,0,0,0,0,0,0,0
0.925,0,0,0,0,0,0,0,0
0.93,0,0,0,0,0,0,0,0
0.935,0,0,0,0,0,0,0,0
0.94,0,0,0,0,0,0,0,0
0.945,0,0,0,0,0,0,0,0
0.95,0,0,0,0,0,0,0,0
0.955,0,0,0,0,0,0,0,0
0.96,0,0,0,0,0,0,0,0
0.965,0,0,0,0,0,0,0,0
0.97,0,0,0,0,0,0,0,0
0.975,0,0,0,0,0,0,0,0
0.98,0,0,0,0,0,0,0,0
0.985,0,0,0,0,0,0,0,0
0.99,0,0,0,0,0,0,0,0
0.995,0,0,0,0,0,0,0,0
1,0,0,0,0,0,0,0,0
1.005,0,0,0,0,0,0,0,0
1.01,0,0,0,0,0,0,0,0
1.015,0,0,0,0,0,0,0,0
1.02,0,0,0,0,0,0,0,0
1.025,0,0,0,0,0,0,0,0
1.03,0,0,0,0,0,0,0,0
1.035,0,0,0,0,0,0,0,0
1.04,0,0,0,0,0,0,0,0
1.045,0,0,0,0,0,0,0,0
1.05,0,0,0,0,0,0,0,0
1.055,0,0,0,0,0,0,0,0
1.06,0,0,0,0,0,0,0,0
1.065,0,0,0,0,0,0,0,0
1.07,0,0,0,0,0,0,0,0
1.075,0,0,0,0,0,0,0,0
1.08,3.800237201e-07,0,0,0.0002275235341,0,0,0.99272091,0.99272091
1.085,3.020660003e-06,0,0,0.0009023113997,0,0,1.960931453,1.960931453
1.09,1.012946304e-05,0,0,0.002012903757,0,0,2.905236793,2.905236793
1.095,2.385738699e-05,0,0,0.003548118751,0,0,3.826227151,3.826227151
1.1,4.630015205e-05,0,0,0.005497043214,0,0,4.724478176,4.724478176
1.105,7.949956543e-05,0,0,0.007849023745,0,0,5.600551304,5.600551304
1.11,0.0001254447991,0,0,0.01059365815,0,0,6.45499411,6.45499411
1.115,0.0001860736249,0,0,0.01372078725,0,0,7.288340647,7.288340647
1.12,0.0002632736099,0,0,0.01722048698,0,0,8.101111786,8.101111786
1.125,0.0003588832726,0,0,0.02108306085,0,0,8.893815533,8.893815533
1.13,0.0004746932031,0,0,0.0252990327,0,0,9.666947355,9.666947355
1.135,0.0006124471468,0,0,0.02985913971,0,0,10.42099048,10.42099048
1.14,0.0007738430542,0,0,0.03475432574,0,0,11.15641622,11.15641622
1.145,0.0009605340986,0,0,0.03997573489,0,0,11.87368423,11.87368423
1.15,0.001174129661,0,0,0.04551470535,0,0,12.57324284,12.57324284
1.155,0.001416196288,0,0,0.05136276348,0,0,13.25552927,13.25552927
1.16,0.001688258614,0,0,0.05751161814,0,0,13.92097,13.92097
1.165,0.001991800264,0,0,0.06395315517,0,0,14.56998094,14.56998094
1.17,0.002328264724,0,0,0.07067943222,0,0,15.20296774,15.20296774
1.175,0.002699056185,0,0,0.07768267366,0,0,15.82032603,15.82032603
1.18,0.003105540369,0,0,0.08495526575,0,0,16.4224417,16.4224417
1.185,0.003549045323,0,0,0.09248975198,0,0,17.00969108,17.00969108
1.19,0.004030862198,0,0,0.1002788286,0,0,17.58244122,17.58244122
1.195,0.004552245994,0,0,0.1083153404,0,0,18.14105011,18.14105011
1.2,0.005114416301,0,0,0.1165922764,0,0,18.6858669,18.6858669
1.205,0.005718558006,0,0,0.1251027659,0,0,19.21723211,19.21723211
1.21,0.006365821985,0,0,0.1338400751,0,0,19.73547787,19.73547787
1.215,0.007057325781,0,0,0.1427976028,0,0,20.2409281,20.2409281
1.22,0.007794154251,0,0,0.1519688771,0,0,20.73389871,20.73389871
1.225,0.008577360214,0,0,0.1613475522,0,0,21.21469784,21.21469784
1.23,0.009407965063,0,0,0.1709274051,0,0,21.68362599,21.68362599
1.235,0.01028695938,0,0,0.1807023321,0,0,22.14097627,22.14097627
1.24,0.01121530352,0,0,0.1906663463,0,0,22.58703453,22.58703453
1.245,0.0121939282,0,0,0.2008135743,0,0,23.02207957,23.02207957
1.25,0.01322373501,0,0,0.2111382537,0,0,23.44638331,23.44638331
1.255,0.01430559705,0,0,0.2216347302,0,0,23.86021095,23.86021095
1.26,0.01544035939,0,0,0.232297455,0,0,24.26382115,24.26382115
1.265,0.0166288396,0,0,0.2431209828,0,0,24.65746618,24.65746618
1.27,0.01787182831,0,0,0.2540999687,0,0,25.04139208,25.04139208
1.275,0.01917008964,0,0,0.2652291664,0,0,25.41583882,25.41583882
1.28,0.02052436174,0,0,0.2765034258,0,0,25.78104043,25.78104043
1.285,0.02193535723,0,0,0.2879176909,0,0,26.13722519,26.13722519
1.29,0.02340376371,0,0,0.299466998,0,0,26.48461571,26.48461571
1.295,0.02493024416,0,0,0.3111464732,0,0,26.82342913,26.82342913
1.3,0.02651543741,0,0,0.3229513311,0,0,27.15387721,27.15387721
1.305,0.0281599586,0,0,0.3348768724,0,0,27.47616651,27.47616651
1.31,0.02986439958,0,0,0.3469184828,0,0,27.79049845,27.79049845
1.315,0.03162932932,0,0,0.3590716307,0,0,28.09706951,28.09706951
1.32,0.03345529436,0,0,0.3713318658,0,0,28.3960713,28.3960713
1.325,0.03534281917,0,0,0.3836948179,0,0,28.68769071,28.68769071
1.33,0.03729240658,0,0,0.3961561946,0,0,28.97211001,28.97211001
1.335,0.03930453813,0,0,0.4087117806,0,0,29.24950698,29.24950698
1.34,0.04137967449,0,0,0.421357436,0,0,29.52005499,29.52005499
1.345,0.04351825582,0,0,0.4340890948,0,0,29.78392314,29.78392314
1.35,0.04572070212,0,0,0.4469027637,0,0,30.04127637,30.04127637
1.355,0.0479874136,0,0,0.4597945212,0,0,30.29227552,30.29227552
1.36,0.05031877106,0,0,0.4727605157,0,0,30.53707749,30.53707749
1.365,0.05271513618,0,0,0.4857969649,0,0,30.77583527,30.77583527
1.37,0.05517685193,0,0,0.4989001544,0,0,31.0086981,31.0086981
1.375,0.05770424288,0,0,0.5120664368,0,0,31.23581152,31.23581152
1.38,0.06029761548,0,0,0.5252922302,0,0,31.4573175,31.4573175
1.385,0.0629572585,0,0,0.538574018,0,0,31.67335447,31.67335447
1.39,0.06568344323,0,0,0.5519083469,0,0,31.88405747,31.88405747
1.395,0.06847642388,0,0,0.5652918267,0,0,32.0895582,32.0895582
1.4,0.07133643786,0,0,0.5787211293,0,0,32.28998509,32.28998509
1.405,0.0742637061,0,0,0.5921929871,0,0,32.48546343,32.48546343
1.41,0.07725843331,0,0,0.6057041933,0,0,32.67611539,32.67611539
1.415,0.08032080836,0,0,0.6192515998,0,0,32.86206014,32.86206014
1.42,0.08345100449,0,0,0.6328321177,0,0,33.04341389,33.04341389
1.425,0.08664917967,0,0,0.646442715,0,0,33.22029001,33.22029001
1.43,0.08991547681,0,0,0.6600804174,0,0,33.39279903,33.39279903
1.435,0.09325002415,0,0,0.6737423062,0,0,33.5610488,33.5610488
1.44,0.09665293541,0,0,0.6874255185,0,0,33.72514446,33.72514446
1.445,0.1001243102,0,0,0.701127246,0,0,33.88518859,33.88518859
1.45,0.1036642341,0,0,0.7148447345,0,0,34.04128121,34.04128121
1.455,0.1072727793,0,0,0.7285752831,0,0,34.19351989,34.19351989
1.46,0.1109500043,0,0,0.7423162437,0,0,34.34199979,34.34199979
1.465,0.1146959548,0,0,0.7560650203,0,0,34.4868137,34.4868137
1.47,0.1185106633,0,0,0.769819068,0,0,34.62805215,34.62805215
1.475,0.1223941501,0,0,0.7835758933,0,0,34.7658034,34.7658034
1.48,0.1263464228,0,0,0.7973330524,0,0,34.90015357,34.90015357
1.485,0.1303674772,0,0,0.8110881515,0,0,35.03118662,35.03118662
1.49,0.134457297,0,0,0.8248388454,0,0,35.15898445,35.15898445
1.495,0.1386158544,0,0,0.838582838,0,0,35.28362694,35.28362694
1.5,0.1428431104,0,0,0.8523178805,0,0,35.40519199,35.40519199
1.505,0.1471390147,0,0,0.8660417718,0,0,35.5237556,35.5237556
1.51,0.151503506,0,0,0.8797523576,0,0,35.63939186,35.63939186
1.515,0.1559365125,0,0,0.8934475298,0,0,35.75217305,35.75217305
1.52,0.1604379521,0,0,0.9071252262,0,0,35.86216966,35.86216966
1.525,0.1650077323,0,0,0.9207834297,0,0,35.96945045,35.96945045
1.53,0.1696457507,0,0,0.9344201679,0,0,36.07408246,36.07408246
1.535,0.174351895,0,0,0.9480335129,0,0,36.1761311,36.1761311
1.54,0.1791260437,0,0,0.9616215802,0,0,36.27566015,36.27566015
1.545,0.1839680656,0,0,0.9751825289,0,0,36.37273182,36.37273182
1.55,0.1888778207,0,0,0.9887145604,0,0,36.46740678,36.46740678
1.555,0.1938551601,0,0,1.002215919,0,0,36.55974421,36.55974421
1.56,0.1988999259,0,0,1.01568489,0,0,36.64980182,36.64980182
1.565,0.2040119522,0,0,1.0291198,0,0,36.7376359,36.7376359
1.57,0.2091910645,0,0,1.042519018,0,0,36.82330135,36.82330135
1.575,0.2144370802,0,0,1.055880951,0,0,36.90685171,36.90685171
1.58,0.2197498092,0,0,1.069204047,0,0,36.9883392,36.9883392
1.585,0.2251290535,0,0,1.082486795,0,0,37.06781476,37.06781476
1.59,0.2305746075,0,0,1.095727721,0,0,37.14532807,37.14532807
1.595,0.2360862586,0,0,1.108925389,0,0,37.22092756,37.22092756
1.6,0.2416637869,0,0,1.122078402,0,0,37.29466049,37.29466049
1.605,0.2473069659,0,0,1.135185402,0,0,37.36657295,37.36657295
1.61,0.2530155621,0,0,1.148245066,0,0,37.43670989,37.43670989
1.615,0.2587893355,0,0,1.161256108,0,0,37.50511514,37.50511514
1.62,0.26462804,0,0,1.17421728,0,0,37.57183146,37.57183146
1.625,0.2705314232,0,0,1.187127368,0,0,37.63690054,37.63690054
1.63,0.2764992266,0,0,1.199985194,0,0,37.70036307,37.70036307
1.635,0.2825311861,0,0,1.212789614,0,0,37.7622587,37.7622587
1.64,0.2886270319,0,0,1.22553952,0,0,37.82262612,37.82262612
1.645,0.2947864887,0,0,1.238233838,0,0,37.88150306,37.88150306
1.65,0.3010092759,0,0,1.250871526,0,0,37.93892633,37.93892633
1.655,0.3072951079,0,0,1.263451577,0,0,37.99493181,37.99493181
1.66,0.313643694,0,0,1.275973014,0,0,38.04955451,38.04955451
1.665,0.3200547387,0,0,1.288434896,0,0,38.10282857,38.10282857
1.67,0.3265279421,0,0,1.30083631,0,0,38.15478729,38.15478729
1.675,0.3330629996,0,0,1.313176379,0,0,38.20546315,38.20546315
1.68,0.3396596023,0,0,1.325454251,0,0,38.25488781,38.25488781
1.685,0.3463174371,0,0,1.33766911,0,0,38.30309218,38.30309218
1.69,0.353036187,0,0,1.349820168,0,0,38.35010637,38.35010637
1.695,0.3598155312,0,0,1.361906665,0,0,38.39595978,38.39595978
1.7,0.3666551449,0,0,1.373927873,0,0,38.44068107,38.44068107
1.705,0.3735546999,0,0,1.38588309,0,0,38.48429818,38.48429818
1.71,0.3805138646,0,0,1.397771646,0,0,38.52683838,38.52683838
1.715,0.3875323042,0,0,1.409592896,0,0,38.56832826,38.56832826
1.72,0.3946096804,0,0,1.421346223,0,0,38.60879376,38.60879376
1.725,0.4017456522,0,0,1.433031038,0,0,38.64826015,38.64826015
1.73,0.4089398757,0,0,1.444646778,0,0,38.68675212,38.68675212
1.735,0.416192004,0,0,1.456192906,0,0,38.72429371,38.72429371
1.74,0.4235016878,0,0,1.467668913,0,0,38.7609084,38.7609084
1.745,0.4308685754,0,0,1.479074311,0,0,38.79661908,38.79661908
1.75,0.4382923125,0,0,1.490408641,0,0,38.83144805,38.83144805
1.755,0.4457725427,0,0,1.501671468,0,0,38.86541709,38.86541709
1.76,0.4533089073,0,0,1.512862378,0,0,38.89854743,38.89854743
1.765,0.4609010459,0,0,1.523980986,0,0,38.93085979,38.93085979
1.77,0.4685485961,0,0,1.535026925,0,0,38.96237434,38.96237434
1.775,0.4762511935,0,0,1.545999855,0,0,38.9931108,38.9931108
1.78,0.4840084724,0,0,1.556899456,0,0,39.02308838,39.02308838
1.785,0.4918200654,0,0,1.567725431,0,0,39.0523258,39.0523258
1.79,0.4996856035,0,0,1.578477504,0,0,39.08084135,39.08084135
1.795,0.5076047168,0,0,1.589155423,0,0,39.10865285,39.10865285
1.8,0.5155770338,0,0,1.599758953,0,0,39.13577768,39.13577768
1.805,0.523602182,0,0,1.610287881,0,0,39.1622328,39.1622328
1.81,0.5316797879,0,0,1.620742017,0,0,39.18803473,39.18803473
1.815,0.5398094772,0,0,1.631121185,0,0,39.21319962,39.21319962
1.82,0.5479908746,0,0,1.641425234,0,0,39.23774318,39.23774318
1.825,0.5562236041,0,0,1.651654028,0,0,39.26168076,39.26168076
1.83,0.5645072893,0,0,1.661807452,0,0,39.28502732,39.28502732
1.835,0.5728415529,0,0,1.671885407,0,0,39.30779745,39.30779745
1.84,0.5812260174,0,0,1.681887814,0,0,39.33000538,39.33000538
1.845,0.589660305,0,0,1.69181461,0,0,39.351665,39.351665
1.85,0.5981440374,0,0,1.701665749,0,0,39.37278984,39.37278984
1.855,0.6066768363,0,0,1.711441203,0,0,39.3933931,39.3933931
1.86,0.6152583233,0,0,1.721140958,0,0,39.41348767,39.41348767
1.865,0.6238881198,0,0,1.730765019,0,0,39.4330861,39.4330861
1.87,0.6325658473,0,0,1.740313404,0,0,39.45220065,39.45220065
1.875,0.6412911277,0,0,1.749786147,0,0,39.47084325,39.47084325
1.88,0.6500635828,0,0,1.759183298,0,0,39.48902557,39.48902557
1.885,0.6588828348,0,0,1.768504919,0,0,39.50675897,39.50675897
1.89,0.6677485063,0,0,1.777751089,0,0,39.52405452,39.52405452
1.895,0.6766602201,0,0,1.7869219,0,0,39.54092305,39.54092305
1.9,0.6856175998,0,0,1.796017455,0,0,39.55737509,39.55737509
1.905,0.6946202694,0,0,1.805037874,0,0,39.57342093,39.57342093
1.91,0.7036678536,0,0,1.813983288,0,0,39.58907059,39.58907059
1.915,0.7127599775,0,0,1.822853839,0,0,39.60433387,39.60433387
1.92,0.7218962674,0,0,1.831649685,0,0,39.61922029,39.61922029
1.925,0.7310763502,0,0,1.840370991,0,0,39.63373917,39.63373917
1.93,0.7402998534,0,0,1.849017938,0,0,39.64789957,39.64789957
1.935,0.7495664059,0,0,1.857590716,0,0,39.66171035,39.66171035
1.94,0.7588756373,0,0,1.866089525,0,0,39.67518014,39.67518014
1.945,0.7682271782,0,0,1.874514579,0,0,39.68831737,39.68831737
1.95,0.7776206605,0,0,1.882866098,0,0,39.70113023,39.70113023
1.955,0.7870557171,0,0,1.891144315,0,0,39.71362674,39.71362674
1.96,0.7965319819,0,0,1.899349471,0,0,39.72581471,39.72581471
1.965,0.8060490904,0,0,1.907481819,0,0,39.73770176,39.73770176
1.97,0.8156066792,0,0,1.915541618,0,0,39.74929532,39.74929532
1.975,0.8252043861,0,0,1.923529137,0,0,39.76060263,39.76060263
1.98,0.8348418506,0,0,1.931444655,0,0,39.77163077,39.77163077
1.985,0.8445187131,0,0,1.939288457,0,0,39.78238661,39.78238661
1.99,0.8542346161,0,0,1.947060837,0,0,39.7928769,39.7928769
1.995,0.863989203,0,0,1.954762098,0,0,39.80310818,39.80310818
2,0.873782119,0,0,1.962392549,0,0,39.81308684,39.81308684
2.005,0.883613011,0,0,1.969952505,0,0,39.82281914,39.82281914
2.01,0.8934815271,0,0,1.977442292,0,0,39.83231114,39.83231114
2.015,0.9033873175,0,0,1.984862239,0,0,39.84156878,39.84156878
2.02,0.9133300337,0,0,1.992212683,0,0,39.85059785,39.85059785
2.025,0.9233093291,0,0,1.999493967,0,0,39.859404,39.859404
2.03,0.9333248587,0,0,2.00670644,0,0,39.86799272,39.86799272
2.035,0.9433762794,0,0,2.013850457,0,0,39.87636938,39.87636938
2.04,0.9534632498,0,0,2.020926378,0,0,39.88453922,39.88453922
2.045,0.9635854303,0,0,2.02793457,0,0,39.89250735,39.89250735
2.05,0.9737424832,0,0,2.034875403,0,0,39.90027874,39.90027874
2.055,0.9839340727,0,0,2.041749252,0,0,39.90785826,39.90785826
2.06,0.9941598647,0,0,2.048556498,0,0,39.91525064,39.91525064
2.065,1.004419527,0,0,2.055297526,0,0,39.9224605,39.9224605
2.07,1.01471273,0,0,2.061972725,0,0,39.92949235,39.92949235
2.075,1.025039145,0,0,2.068582488,0,0,39.93635058,39.93635058
2.08,1.035398447,0,0,2.075127212,0,0,39.94303948,39.94303948
2.085,1.04579031,0,0,2.081607298,0,0,39.94956323,39.94956323
2.09,1.056214413,0,0,2.08802315,0,0,39.95592591,39.95592591
2.095,1.066670435,0,0,2.094375175,0,0,39.96213149,39.96213149
2.1,1.077158059,0,0,2.100663785,0,0,39.96818386,39.96818386
2.105,1.087676968,0,0,2.106889391,0,0,39.9740868,39.9740868
2.11,1.098226848,0,0,2.113052411,0,0,39.97984399,39.97984399
2.115,1.108807388,0,0,2.119153263,0,0,39.98545903,39.98545903
2.12,1.119418278,0,0,2.125192369,0,0,39.99093544,39.99093544
2.125,1.13005921,0,0,2.131170151,0,0,39.99627664,39.99627664
2.13,1.140729878,0,0,2.137087036,0,0,40.00148596,40.00148596
2.135,1.151429979,0,0,2.142943451,0,0,40.00656666,40.00656666
2.14,1.162159212,0,0,2.148739825,0,0,40.01152192,40.01152192
2.145,1.172917278,0,0,2.154476589,0,0,40.01635483,40.01635483
2.15,1.18370388,0,0,2.160154175,0,0,40.02106842,40.02106842
2.155,1.194518722,0,0,2.165773016,0,0,40.02566563,40.02566563
2.16,1.205361513,0,0,2.171333549,0,0,40.03014934,40.03014934
2.165,1.216231961,0,0,2.176836208,0,0,40.03452234,40.03452234
2.17,1.227129779,0,0,2.18228143,0,0,40.03878737,40.03878737
2.175,1.23805468,0,0,2.187669654,0,0,40.0429471,40.0429471
2.18,1.249006381,0,0,2.193001316,0,0,40.04700412,40.04700412
2.185,1.2599846,0,0,2.198276857,0,0,40.05096098,40.05096098
2.19,1.270989057,0,0,2.203496715,0,0,40.05482014,40.05482014
2.195,1.282019475,0,0,2.208661331,0,0,40.05858401,40.05858401
2.2,1.293075579,0,0,2.213771142,0,0,40.06225496,40.06225496
2.205,1.304157096,0,0,2.218826591,0,0,40.06583527,40.06583527
2.21,1.315263755,0,0,2.223828115,0,0,40.06932718,40.06932718
2.215,1.326395288,0,0,2.228776156,0,0,40.07273288,40.07273288
2.22,1.337551428,0,0,2.233671152,0,0,40.07605449,40.07605449
2.225,1.348731912,0,0,2.238513543,0,0,40.07929409,40.07929409
2.23,1.359936477,0,0,2.243303766,0,0,40.0824537,40.0824537
2.235,1.371164863,0,0,2.248042261,0,0,40.0855353,40.0855353
2.24,1.382416814,0,0,2.252729465,0,0,40.08854082,40.08854082
2.245,1.393692073,0,0,2.257365815,0,0,40.09147213,40.09147213
2.25,1.404990388,0,0,2.261951746,0,0,40.09433107,40.09433107
2.255,1.416311507,0,0,2.266487694,0,0,40.09711942,40.09711942
2.26,1.427655182,0,0,2.270974093,0,0,40.09983892,40.09983892
2.265,1.439021166,0,0,2.275411376,0,0,40.10249128,40.10249128
2.27,1.450409215,0,0,2.279799975,0,0,40.10507815,40.10507815
2.275,1.461819086,0,0,2.284140322,0,0,40.10760115,40.10760115
2.28,1.473250538,0,0,2.288432845,0,0,40.11006186,40.11006186
2.285,1.484703335,0,0,2.292677973,0,0,40.11246182,40.11246182
2.29,1.49617724,0,0,2.296876133,0,0,40.11480252,40.11480252
2.295,1.507672019,0,0,2.301027749,0,0,40.11708542,40.11708542
2.3,1.519187441,0,0,2.305133247,0,0,40.11931196,40.11931196
2.305,1.530723275,0,0,2.309193049,0,0,40.12148353,40.12148353
2.31,1.542279296,0,0,2.313207574,0,0,40.12360148,40.12360148
2.315,1.553855276,0,0,2.317177243,0,0,40.12566714,40.12566714
2.32,1.565450994,0,0,2.321102472,0,0,40.1276818,40.1276818
2.325,1.577066228,0,0,2.324983677,0,0,40.12964672,40.12964672
2.33,1.588700758,0,0,2.32882127,0,0,40.13156312,40.13156312
2.335,1.600354368,0,0,2.332615665,0,0,40.13343221,40.13343221
2.34,1.612026843,0,0,2.336367271,0,0,40.13525514,40.13525514
2.345,1.62371797,0,0,2.340076496,0,0,40.13703307,40.13703307
2.35,1.635427538,0,0,2.343743744,0,0,40.13876711,40.13876711
2.355,1.647155339,0,0,2.347369421,0,0,40.14045833,40.14045833
2.36,1.658901164,0,0,2.350953926,0,0,40.14210779,40.14210779
2.365,1.67066481,0,0,2.354497661,0,0,40.14371653,40.14371653
2.37,1.682446073,0,0,2.358001022,0,0,40.14528554,40.14528554
2.375,1.694244753,0,0,2.361464404,0,0,40.14681582,40.14681582
2.38,1.706060651,0,0,2.364888199,0,0,40.14830832,40.14830832
2.385,1.71789357,0,0,2.368272799,0,0,40.14976396,40.14976396
2.39,1.729743315,0,0,2.371618592,0,0,40.15118367,40.15118367
2.395,1.741609692,0,0,2.374925962,0,0,40.15256832,40.15256832
2.4,1.753492511,0,0,2.378195294,0,0,40.15391879,40.15391879
2.405,1.765391582,0,0,2.381426969,0,0,40.15523591,40.15523591
2.41,1.777306718,0,0,2.384621365,0,0,40.15652051,40.15652051
2.415,1.789237734,0,0,2.387778859,0,0,40.1577734,40.1577734
2.42,1.801184446,0,0,2.390899824,0,0,40.15899535,40.15899535
2.425,1.813146672,0,0,2.393984631,0,0,40.16018713,40.16018713
2.43,1.825124233,0,0,2.39703365,0,0,40.16134949,40.16134949
2.435,1.83711695,0,0,2.400047247,0,0,40.16248315,40.16248315
2.44,1.849124647,0,0,2.403025784,0,0,40.16358882,40.16358882
2.445,1.86114715,0,0,2.405969625,0,0,40.16466718,40.16466718
2.45,1.873184286,0,0,2.408879126,0,0,40.16571893,40.16571893
2.455,1.885235884,0,0,2.411754645,0,0,40.1667447,40.1667447
2.46,1.897301776,0,0,2.414596534,0,0,40.16774515,40.16774515
2.465,1.909381794,0,0,2.417405145,0,0,40.1687209,40.1687209
2.47,1.921475773,0,0,2.420180825,0,0,40.16967256,40.16967256
2.475,1.933583548,0,0,2.422923921,0,0,40.17060072,40.17060072
2.48,1.945704958,0,0,2.425634776,0,0,40.17150596,40.17150596
2.485,1.957839843,0,0,2.42831373,0,0,40.17238886,40.17238886
2.49,1.969988043,0,0,2.43096112,0,0,40.17324995,40.17324995
2.495,1.982149402,0,0,2.433577282,0,0,40.17408979,40.17408979
2.5,1.994323764,0,0,2.436162548,0,0,40.17490889,40.17490889
2.505,2.006510976,0,0,2.438717249,0,0,40.17570776,40.17570776
2.51,2.018710886,0,0,2.441241711,0,0,40.17648691,40.17648691
2.515,2.030923344,0,0,2.443736259,0,0,40.17724683,40.17724683
2.52,2.0431482,0,0,2.446201215,0,0,40.17798798,40.17798798
2.525,2.055385307,0,0,2.448636898,0,0,40.17871083,40.17871083
2.53,2.06763452,0,0,2.451043625,0,0,40.17941583,40.17941583
2.535,2.079895696,0,0,2.453421709,0,0,40.18010343,40.18010343
2.54,2.09216869,0,0,2.455771463,0,0,40.18077405,40.18077405
2.545,2.104453364,0,0,2.458093194,0,0,40.18142812,40.18142812
2.55,2.116749576,0,0,2.460387209,0,0,40.18206603,40.18206603
2.555,2.12905719,0,0,2.462653811,0,0,40.1826882,40.1826882
2.56,2.141376069,0,0,2.464893301,0,0,40.183295,40.183295
2.565,2.153706078,0,0,2.467105977,0,0,40.18388682,40.18388682
2.57,2.166047085,0,0,2.469292135,0,0,40.18446403,40.18446403
2.575,2.178398956,0,0,2.471452067,0,0,40.18502699,40.18502699
2.58,2.190761562,0,0,2.473586063,0,0,40.18557605,40.18557605
2.585,2.203134774,0,0,2.475694412,0,0,40.18611155,40.18611155
2.59,2.215518464,0,0,2.477777399,0,0,40.18663383,40.18663383
2.595,2.227912506,0,0,2.479835305,0,0,40.18714322,40.18714322
2.6,2.240316776,0,0,2.481868411,0,0,40.18764002,40.18764002
2.605,2.252731149,0,0,2.483876994,0,0,40.18812457,40.18812457
2.61,2.265155505,0,0,2.48586133,0,0,40.18859715,40.18859715
2.615,2.277589723,0,0,2.487821689,0,0,40.18905806,40.18905806
2.62,2.290033682,0,0,2.489758342,0,0,40.18950759,40.18950759
2.625,2.302487267,0,0,2.491671557,0,0,40.18994602,40.18994602
2.63,2.314950359,0,0,2.493561596,0,0,40.19037363,40.19037363
2.635,2.327422845,0,0,2.495428724,0,0,40.19079068,40.19079068
2.64,2.339904609,0,0,2.497273199,0,0,40.19119743,40.19119743
2.645,2.352395539,0,0,2.499095279,0,0,40.19159414,40.19159414
2.65,2.364895525,0,0,2.500895217,0,0,40.19198105,40.19198105
2.655,2.377404455,0,0,2.502673268,0,0,40.19235842,40.19235842
2.66,2.389922221,0,0,2.504429679,0,0,40.19272646,40.19272646
2.665,2.402448716,0,0,2.506164698,0,0,40.19308542,40.19308542
2.67,2.414983833,0,0,2.507878571,0,0,40.19343551,40.19343551
2.675,2.427527467,0,0,2.50957154,0,0,40.19377697,40.19377697
2.68,2.440079514,0,0,2.511243845,0,0,40.19410999,40.19410999
2.685,2.452639871,0,0,2.512895723,0,0,40.19443478,40.19443478
2.69,2.465208438,0,0,2.51452741,0,0,40.19475156,40.19475156
2.695,2.477785112,0,0,2.51613914,0,0,40.19506052,40.19506052
2.7,2.490369796,0,0,2.517731141,0,0,40.19536185,40.19536185
2.705,2.502962391,0,0,2.519303644,0,0,40.19565574,40.19565574
2.71,2.515562801,0,0,2.520856873,0,0,40.19594237,40.19594237
2.715,2.528170928,0,0,2.522391053,0,0,40.19622193,40.19622193
2.72,2.54078668,0,0,2.523906405,0,0,40.19649459,40.19649459
2.725,2.553409961,0,0,2.525403147,0,0,40.19676051,40.19676051
2.73,2.56604068,0,0,2.526881498,0,0,40.19701986,40.19701986
2.735,2.578678746,0,0,2.528341672,0,0,40.19727282,40.19727282
2.74,2.591324067,0,0,2.529783881,0,0,40.19751953,40.19751953
2.745,2.603976555,0,0,2.531208335,0,0,40.19776014,40.19776014
2.75,2.616636121,0,0,2.532615242,0,0,40.19799482,40.19799482
2.755,2.629302679,0,0,2.534004809,0,0,40.1982237,40.1982237
2.76,2.641976141,0,0,2.535377239,0,0,40.19844693,40.19844693
2.765,2.654656423,0,0,2.536732733,0,0,40.19866465,40.19866465
2.77,2.66734344,0,0,2.538071491,0,0,40.19887699,40.19887699
2.775,2.68003711,0,0,2.539393711,0,0,40.19908409,40.19908409
2.78,2.69273735,0,0,2.540699588,0,0,40.19928608,40.19928608
2.785,2.705444079,0,0,2.541989314,0,0,40.19948308,40.19948308
2.79,2.718157217,0,0,2.543263081,0,0,40.19967522,40.19967522
2.795,2.730876684,0,0,2.544521079,0,0,40.19986261,40.19986261
2.8,2.743602402,0,0,2.545763493,0,0,40.20004538,40.20004538
2.805,2.756334293,0,0,2.546990509,0,0,40.20022363,40.20022363
2.81,2.769072281,0,0,2.548202311,0,0,40.20039748,40.20039748
2.815,2.781816291,0,0,2.549399079,0,0,40.20056704,40.20056704
2.82,2.794566247,0,0,2.550580992,0,0,40.20073241,40.20073241
2.825,2.807322076,0,0,2.551748227,0,0,40.2008937,40.2008937
2.83,2.820083705,0,0,2.552900961,0,0,40.20105101,40.20105101
2.835,2.832851062,0,0,2.554039365,0,0,40.20120444,40.20120444
2.84,2.845624075,0,0,2.555163611,0,0,40.20135407,40.20135407
2.845,2.858402675,0,0,2.55627387,0,0,40.20150001,40.20150001
2.85,2.871186791,0,0,2.557370308,0,0,40.20164235,40.20164235
2.855,2.883976355,0,0,2.558453091,0,0,40.20178117,40.20178117
2.86,2.8967713,0,0,2.559522384,0,0,40.20191657,40.20191657
2.865,2.909571557,0,0,2.560578348,0,0,40.20204862,40.20204862
2.87,2.922377061,0,0,2.561621145,0,0,40.20217742,40.20217742
2.875,2.935187747,0,0,2.562650931,0,0,40.20230303,40.20230303
2.88,2.948003549,0,0,2.563667865,0,0,40.20242554,40.20242554
2.885,2.960824404,0,0,2.564672102,0,0,40.20254503,40.20254503
2.89,2.973650249,0,0,2.565663794,0,0,40.20266156,40.20266156
2.895,2.986481021,0,0,2.566643093,0,0,40.20277522,40.20277522
2.9,2.99931666,0,0,2.567610149,0,0,40.20288608,40.20288608
2.905,3.012157103,0,0,2.568565111,0,0,40.20299419,40.20299419
2.91,3.025002291,0,0,2.569508125,0,0,40.20309964,40.20309964
2.915,3.037852164,0,0,2.570439336,0,0,40.20320248,40.20320248
2.92,3.050706665,0,0,2.571358887,0,0,40.20330279,40.20330279
2.925,3.063565734,0,0,2.572266919,0,0,40.20340061,40.20340061
2.93,3.076429315,0,0,2.573163574,0,0,40.20349603,40.20349603
2.935,3.089297351,0,0,2.574048988,0,0,40.20358908,40.20358908
2.94,3.102169786,0,0,2.574923299,0,0,40.20367984,40.20367984
2.945,3.115046566,0,0,2.575786643,0,0,40.20376836,40.20376836
2.95,3.127927635,0,0,2.576639153,0,0,40.20385469,40.20385469
2.955,3.140812939,0,0,2.577480961,0,0,40.20393889,40.20393889
2.96,3.153702427,0,0,2.578312197,0,0,40.20402101,40.20402101
2.965,3.166596044,0,0,2.579132992,0,0,40.20410111,40.20410111
2.97,3.179493739,0,0,2.579943473,0,0,40.20417922,40.20417922
2.975,3.192395462,0,0,2.580743765,0,0,40.20425541,40.20425541
2.98,3.20530116,0,0,2.581533994,0,0,40.20432972,40.20432972
2.985,3.218210785,0,0,2.582314284,0,0,40.20440219,40.20440219
2.99,3.231124287,0,0,2.583084755,0,0,40.20447287,40.20447287
2.995,3.244041617,0,0,2.583845528,0,0,40.20454181,40.20454181
3,3.256962726,0,0,2.584596723,0,0,40.20460905,40.20460905
3.005,3.269887568,0,0,2.585338457,0,0,40.20467462,40.20467462
3.01,3.282816095,0,0,2.586070847,0,0,40.20473858,40.20473858
3.015,3.295748261,0,0,2.586794006,0,0,40.20480096,40.20480096
3.02,3.30868402,0,0,2.58750805,0,0,40.2048618,40.2048618
3.025,3.321623327,0,0,2.58821309,0,0,40.20492113,40.20492113
3.03,3.334566136,0,0,2.588909238,0,0,40.204979,40.204979
3.035,3.347512404,0,0,2.589596602,0,0,40.20503544,40.20503544
3.04,3.360462088,0,0,2.590275291,0,0,40.20509049,40.20509049
3.045,3.373415143,0,0,2.590945413,0,0,40.20514418,40.20514418
3.05,3.386371528,0,0,2.591607073,0,0,40.20519654,40.20519654
3.055,3.3993312,0,0,2.592260376,0,0,40.20524761,40.20524761
3.06,3.412294118,0,0,2.592905425,0,0,40.20529742,40.20529742
3.065,3.42526024,0,0,2.593542322,0,0,40.205346,40.205346
3.07,3.438229527,0,0,2.594171168,0,0,40.20539338,40.20539338
3.075,3.451201939,0,0,2.594792064,0,0,40.20543959,40.20543959
3.08,3.464176867,0,0,2.595065369,0,0,38.71728493,38.71728493
3.085,3.477151475,0,0,2.594668391,0,0,37.26587294,37.26587294
3.09,3.490122475,0,0,2.593626093,0,0,35.85029644,35.85029644
3.095,3.503086701,0,0,2.591962707,0,0,34.46967065,34.46967065
3.1,3.516041107,0,0,2.589701752,0,0,33.12313263,33.12313263
3.105,3.528982761,0,0,2.586866046,0,0,31.80984075,31.80984075
3.11,3.541908846,0,0,2.583477719,0,0,30.52897416,30.52897416
3.115,3.554816653,0,0,2.579558233,0,0,29.27973228,29.27973228
3.12,3.567703578,0,0,2.575128393,0,0,28.0613343,28.0613343
3.125,3.58056712,0,0,2.570208362,0,0,26.87301866,26.87301866
3.13,3.593404877,0,0,2.564817676,0,0,25.71404265,25.71404265
3.135,3.606214544,0,0,2.558975263,0,0,24.58368185,24.58368185
3.14,3.618993907,0,0,2.55269945,0,0,23.48122977,23.48122977
3.145,3.631740846,0,0,2.546007986,0,0,22.40599732,22.40599732
3.15,3.644453323,0,0,2.53891805,0,0,21.35731245,21.35731245
3.155,3.65712939,0,0,2.531446271,0,0,20.33451971,20.33451971
3.16,3.669767176,0,0,2.523608737,0,0,19.33697981,19.33697981
3.165,3.682364893,0,0,2.515421014,0,0,18.36406926,18.36406926
3.17,3.694920828,0,0,2.506898158,0,0,17.41517995,17.41517995
3.175,3.707433341,0,0,2.498054728,0,0,16.48971881,16.48971881
3.18,3.719900864,0,0,2.488904801,0,0,15.58710738,15.58710738
3.185,3.732321901,0,0,2.479461984,0,0,14.70678151,14.70678151
3.19,3.744695018,0,0,2.469739429,0,0,13.84819096,13.84819096
3.195,3.75701885,0,0,2.459749844,0,0,13.01079908,13.01079908
3.2,3.769292092,0,0,2.449505508,0,0,12.19408249,12.19408249
3.205,3.7815135,0,0,2.439018282,0,0,11.3975307,11.3975307
3.21,3.793681889,0,0,2.428299619,0,0,10.62064584,10.62064584
3.215,3.805796129,0,0,2.417360582,0,0,9.862942344,9.862942344
3.22,3.817855145,0,0,2.406211847,0,0,9.12394661,9.12394661
3.225,3.829857915,0,0,2.394863725,0,0,8.403196746,8.403196746
3.23,3.841803467,0,0,2.383326162,0,0,7.700242259,7.700242259
3.235,3.853690877,0,0,2.37160876,0,0,7.01464378,7.01464378
3.24,3.86551927,0,0,2.359720779,0,0,6.345972788,6.345972788
3.245,3.877287816,0,0,2.347671155,0,0,5.693811341,5.693811341
3.25,3.888995727,0,0,2.335468503,0,0,5.057751818,5.057751818
3.255,3.900642259,0,0,2.323121134,0,0,4.437396661,4.437396661
3.26,3.91222671,0,0,2.310637057,0,0,3.832358127,3.832358127
3.265,3.923748415,0,0,2.298023995,0,0,3.242258048,3.242258048
3.27,3.935206748,0,0,2.28528939,0,0,2.666727591,2.666727591
3.275,3.946601118,0,0,2.272440415,0,0,2.105407032,2.105407032
3.28,3.957930973,0,0,2.259483979,0,0,1.557945527,1.557945527
3.285,3.96919579,0,0,2.246426737,0,0,1.024000895,1.024000895
3.29,3.980395083,0,0,2.2332751,0,0,0.5032394031,0.5032394031
3.295,3.991528394,0,0,2.22003524,0,0,-0.004664442101,-0.004664442101
3.3,4.002595298,0,0,2.2067131,0,0,-0.5000280967,-0.5000280967
3.305,4.013595398,0,0,2.1933144,0,0,-0.9831611791,-0.9831611791
3.31,4.024528324,0,0,2.179844644,0,0,-1.454365663,-1.454365663
3.315,4.035393734,0,0,2.166309128,0,0,-1.913936067,-1.913936067
3.32,4.046191314,0,0,2.152712948,0,0,-2.362159637,-2.362159637
3.325,4.056920771,0,0,2.139061003,0,0,-2.799316528,-2.799316528
3.33,4.067581839,0,0,2.125358005,0,0,-3.225679977,-3.225679977
3.335,4.078174273,0,0,2.111608484,0,0,-3.641516474,-3.641516474
3.34,4.088697853,0,0,2.097816793,0,0,-4.047085932,-4.047085932
3.345,4.099152378,0,0,2.083987115,0,0,-4.442641845,-4.442641845
3.35,4.109537668,0,0,2.070123468,0,0,-4.828431447,-4.828431447
3.355,4.119853563,0,0,2.056229714,0,0,-5.20469587,-5.20469587
3.36,4.130099921,0,0,2.042309557,0,0,-5.571670291,-5.571670291
3.365,4.14027662,0,0,2.028366555,0,0,-5.929584082,-5.929584082
3.37,4.150383554,0,0,2.014404122,0,0,-6.278660949,-6.278660949
3.375,4.160420634,0,0,2.000425534,0,0,-6.619119078,-6.619119078
3.38,4.170387788,0,0,1.986433931,0,0,-6.951171266,-6.951171266
3.385,4.180284957,0,0,1.972432327,0,0,-7.275025055,-7.275025055
3.39,4.190112099,0,0,1.958423607,0,0,-7.590882867,-7.590882867
3.395,4.199869186,0,0,1.944410539,0,0,-7.898942121,-7.898942121
3.4,4.209556202,0,0,1.930395773,0,0,-8.199395365,-8.199395365
3.405,4.219173145,0,0,1.916381845,0,0,-8.492430393,-8.492430393
3.41,4.228720026,0,0,1.902371185,0,0,-8.778230359,-8.778230359
3.415,4.238196866,0,0,1.888366116,0,0,-9.056973899,-9.056973899
3.42,4.2476037,0,0,1.87436886,0,0,-9.328835237,-9.328835237
3.425,4.256940571,0,0,1.860381542,0,0,-9.593984295,-9.593984295
3.43,4.266207535,0,0,1.846406192,0,0,-9.852586798,-9.852586798
3.435,4.275404656,0,0,1.83244475,0,0,-10.10480438,-10.10480438
3.44,4.284532009,0,0,1.818499067,0,0,-10.35079469,-10.35079469
3.445,4.293589676,0,0,1.804570908,0,0,-10.59071148,-10.59071148
3.45,4.30257775,0,0,1.790661958,0,0,-10.8247047,-10.8247047
3.455,4.311496331,0,0,1.776773823,0,0,-11.05292061,-11.05292061
3.46,4.320345526,0,0,1.762908031,0,0,-11.27550185,-11.27550185
3.465,4.329125451,0,0,1.749066039,0,0,-11.49258754,-11.49258754
3.47,4.337836228,0,0,1.73524923,0,0,-11.70431336,-11.70431336
3.475,4.346477987,0,0,1.721458922,0,0,-11.91081165,-11.91081165
3.48,4.355050863,0,0,1.707696364,0,0,-12.11221149,-12.11221149
3.485,4.363554999,0,0,1.693962742,0,0,-12.30863874,-12.30863874
3.49,4.371990541,0,0,1.680259183,0,0,-12.50021619,-12.50021619
3.495,4.380357643,0,0,1.666586751,0,0,-12.68706357,-12.68706357
3.5,4.388656462,0,0,1.652946456,0,0,-12.86929767,-12.86929767
3.505,4.396887162,0,0,1.639339251,0,0,-13.0470324,-13.0470324
3.51,4.405049911,0,0,1.625766038,0,0,-13.22037884,-13.22037884
3.515,4.413144881,0,0,1.612227666,0,0,-13.38944535,-13.38944535
3.52,4.421172247,0,0,1.598724935,0,0,-13.55433758,-13.55433758
3.525,4.429132191,0,0,1.585258599,0,0,-13.71515862,-13.71515862
3.53,4.437024895,0,0,1.571829364,0,0,-13.87200896,-13.87200896
3.535,4.444850547,0,0,1.558437894,0,0,-14.02498666,-14.02498666
3.54,4.452609338,0,0,1.54508481,0,0,-14.17418733,-14.17418733
3.545,4.46030146,0,0,1.531770691,0,0,-14.31970422,-14.31970422
3.55,4.467927111,0,0,1.518496077,0,0,-14.46162828,-14.46162828
3.555,4.475486488,0,0,1.505261471,0,0,-14.60004823,-14.60004823
3.56,4.482979793,0,0,1.492067339,0,0,-14.73505057,-14.73505057
3.565,4.490407229,0,0,1.478914111,0,0,-14.8667197,-14.8667197
3.57,4.497769003,0,0,1.465802185,0,0,-14.9951379,-14.9951379
3.575,4.505065321,0,0,1.452731924,0,0,-15.12038544,-15.12038544
3.58,4.512296392,0,0,1.439703661,0,0,-15.24254062,-15.24254062
3.585,4.519462428,0,0,1.426717699,0,0,-15.36167977,-15.36167977
3.59,4.52656364,0,0,1.413774312,0,0,-15.47787736,-15.47787736
3.595,4.533600242,0,0,1.400873744,0,0,-15.59120603,-15.59120603
3.6,4.540572449,0,0,1.388016216,0,0,-15.7017366,-15.7017366
3.605,4.547480477,0,0,1.37520192,0,0,-15.80953816,-15.80953816
3.61,4.554324541,0,0,1.362431023,0,0,-15.9146781,-15.9146781
3.615,4.561104859,0,0,1.34970367,0,0,-16.01722211,-16.01722211
3.62,4.56782165,0,0,1.337019982,0,0,-16.11723431,-16.11723431
3.625,4.574475132,0,0,1.324380059,0,0,-16.2147772,-16.2147772
3.63,4.581065524,0,0,1.311783977,0,0,-16.30991174,-16.30991174
3.635,4.587593045,0,0,1.299231795,0,0,-16.40269741,-16.40269741
3.64,4.594057915,0,0,1.286723551,0,0,-16.49319219,-16.49319219
3.645,4.600460354,0,0,1.274259263,0,0,-16.58145264,-16.58145264
3.65,4.606800581,0,0,1.261838932,0,0,-16.66753393,-16.66753393
3.655,4.613078816,0,0,1.249462543,0,0,-16.75148988,-16.75148988
3.66,4.61929528,0,0,1.237130062,0,0,-16.83337294,-16.83337294
3.665,4.62545019,0,0,1.22484144,0,0,-16.9132343,-16.9132343
3.67,4.631543767,0,0,1.212596613,0,0,-16.99112388,-16.99112388
3.675,4.637576229,0,0,1.200395503,0,0,-17.06709035,-17.06709035
3.68,4.643547795,0,0,1.188238016,0,0,-17.14118121,-17.14118121
3.685,4.649458682,0,0,1.176124045,0,0,-17.21344276,-17.21344276
3.69,4.655309108,0,0,1.164053472,0,0,-17.28392016,-17.28392016
3.695,4.661099289,0,0,1.152026164,0,0,-17.35265747,-17.35265747
3.7,4.666829441,0,0,1.140041978,0,0,-17.41969765,-17.41969765
3.705,4.67249978,0,0,1.128100759,0,0,-17.48508261,-17.48508261
3.71,4.67811052,0,0,1.11620234,0,0,-17.5488532,-17.5488532
3.715,4.683661874,0,0,1.104346546,0,0,-17.61104929,-17.61104929
3.72,4.689154056,0,0,1.092533191,0,0,-17.67170975,-17.67170975
3.725,4.694587277,0,0,1.080762078,0,0,-17.73087251,-17.73087251
3.73,4.699961747,0,0,1.069033002,0,0,-17.78857452,-17.78857452
3.735,4.705277677,0,0,1.057345751,0,0,-17.84485187,-17.84485187
3.74,4.710535274,0,0,1.045700102,0,0,-17.89973973,-17.89973973
3.745,4.715734746,0,0,1.034095825,0,0,-17.9532724,-17.9532724
3.75,4.720876301,0,0,1.022532684,0,0,-18.00548335,-18.00548335
3.755,4.725960141,0,0,1.011010433,0,0,-18.0564052,-18.0564052
3.76,4.730986473,0,0,0.999528821,0,0,-18.10606979,-18.10606979
3.765,4.735955497,0,0,0.9880875906,0,0,-18.15450815,-18.15450815
3.77,4.740867415,0,0,0.9766864774,0,0,-18.20175057,-18.20175057
3.775,4.745722428,0,0,0.9653252112,0,0,-18.24782656,-18.24782656
3.78,4.750520734,0,0,0.9540035163,0,0,-18.29276494,-18.29276494
3.785,4.755262529,0,0,0.9427211116,0,0,-18.33659379,-18.33659379
3.79,4.75994801,0,0,0.9314777109,0,0,-18.37934049,-18.37934049
3.795,4.76457737,0,0,0.9202730233,0,0,-18.42103178,-18.42103178
3.8,4.769150804,0,0,0.9091067532,0,0,-18.4616937,-18.4616937
3.805,4.773668501,0,0,0.8979786006,0,0,-18.50135168,-18.50135168
3.81,4.778130653,0,0,0.8868882615,0,0,-18.5400305,-18.5400305
3.815,4.782537447,0,0,0.8758354279,0,0,-18.57775434,-18.57775434
3.82,4.786889069,0,0,0.8648197884,0,0,-18.61454677,-18.61454677
3.825,4.791185706,0,0,0.8538410277,0,0,-18.65043079,-18.65043079
3.83,4.79542754,0,0,0.8428988275,0,0,-18.68542883,-18.68542883
3.835,4.799614755,0,0,0.8319928665,0,0,-18.71956277,-18.71956277
3.84,4.803747529,0,0,0.8211228202,0,0,-18.75285394,-18.75285394
3.845,4.807826042,0,0,0.8102883616,0,0,-18.78532315,-18.78532315
3.85,4.811850471,0,0,0.799489161,0,0,-18.81699069,-18.81699069
3.855,4.815820992,0,0,0.7887248865,0,0,-18.84787635,-18.84787635
3.86,4.819737778,0,0,0.7779952037,0,0,-18.87799945,-18.87799945
3.865,4.823601001,0,0,0.7672997763,0,0,-18.9073788,-18.9073788
3.87,4.827410832,0,0,0.7566382659,0,0,-18.93603277,-18.93603277
3.875,4.83116744,0,0,0.7460103323,0,0,-18.96397928,-18.96397928
3.88,4.834870991,0,0,0.7354156338,0,0,-18.99123578,-18.99123578
3.885,4.838521651,0,0,0.7248538269,0,0,-19.01781932,-19.01781932
3.89,4.842119583,0,0,0.7143245667,0,0,-19.04374651,-19.04374651
3.895,4.84566495,0,0,0.7038275071,0,0,-19.06903355,-19.06903355
3.9,4.849157912,0,0,0.6933623006,0,0,-19.09369626,-19.09369626
3.905,4.852598626,0,0,0.6829285988,0,0,-19.11775004,-19.11775004
3.91,4.855987249,0,0,0.6725260519,0,0,-19.14120993,-19.14120993
3.915,4.859323938,0,0,0.6621543096,0,0,-19.16409059,-19.16409059
3.92,4.862608843,0,0,0.6518130207,0,0,-19.18640633,-19.18640633
3.925,4.865842118,0,0,0.6415018329,0,0,-19.20817109,-19.20817109
3.93,4.869023911,0,0,0.6312203936,0,0,-19.22939847,-19.22939847
3.935,4.872154371,0,0,0.6209683496,0,0,-19.25010175,-19.25010175
3.94,4.875233643,0,0,0.6107453469,0,0,-19.27029387,-19.27029387
3.945,4.878261872,0,0,0.6005510314,0,0,-19.28998744,-19.28998744
3.95,4.881239201,0,0,0.5903850486,0,0,-19.30919477,-19.30919477
3.955,4.884165769,0,0,0.5802470434,0,0,-19.32792787,-19.32792787
3.96,4.887041717,0,0,0.5701366606,0,0,-19.34619845,-19.34619845
3.965,4.889867181,0,0,0.5600535451,0,0,-19.36401793,-19.36401793
3.97,4.892642297,0,0,0.5499973413,0,0,-19.38139744,-19.38139744
3.975,4.895367199,0,0,0.5399676937,0,0,-19.39834786,-19.39834786
3.98,4.898042018,0,0,0.5299642467,0,0,-19.41487976,-19.41487976
3.985,4.900666885,0,0,0.5199866448,0,0,-19.43100349,-19.43100349
3.99,4.903241927,0,0,0.5100345325,0,0,-19.44672913,-19.44672913
3.995,4.905767272,0,0,0.5001075544,0,0,-19.46206649,-19.46206649
4,4.908243044,0,0,0.4902053553,0,0,-19.47702518,-19.47702518
4.005,4.910669366,0,0,0.4803275801,0,0,-19.49161454,-19.49161454
4.01,4.91304636,0,0,0.4704738739,0,0,-19.50584368,-19.50584368
4.015,4.915374144,0,0,0.4606438822,0,0,-19.5197215,-19.5197215
4.02,4.917652837,0,0,0.4508372507,0,0,-19.53325668,-19.53325668
4.025,4.919882555,0,0,0.4410536252,0,0,-19.54645767,-19.54645767
4.03,4.922063411,0,0,0.4312926521,0,0,-19.55933274,-19.55933274
4.035,4.924195519,0,0,0.4215539779,0,0,-19.57188991,-19.57188991
4.04,4.926278988,0,0,0.4118372498,0,0,-19.58413705,-19.58413705
4.045,4.928313927,0,0,0.4021421151,0,0,-19.5960818,-19.5960818
4.05,4.930300444,0,0,0.3924682216,0,0,-19.60773164,-19.60773164
4.055,4.932238644,0,0,0.3828152175,0,0,-19.61909384,-19.61909384
4.06,4.934128631,0,0,0.3731827514,0,0,-19.6301755,-19.6301755
4.065,4.935970506,0,0,0.3635704724,0,0,-19.64098356,-19.64098356
4.07,4.937764369,0,0,0.3539780301,0,0,-19.65152477,-19.65152477
4.075,4.939510318,0,0,0.3444050745,0,0,-19.66180572,-19.66180572
4.08,4.941208451,0,0,0.334851256,0,0,-19.67183282,-19.67183282
4.085,4.942858862,0,0,0.3253162257,0,0,-19.68161236,-19.68161236
4.09,4.944461644,0,0,0.3157996349,0,0,-19.69115044,-19.69115044
4.095,4.946016889,0,0,0.3063011355,0,0,-19.70045302,-19.70045302
4.1,4.947524685,0,0,0.2968203801,0,0,-19.70952593,-19.70952593
4.105,4.948985121,0,0,0.2873570214,0,0,-19.71837482,-19.71837482
4.11,4.950398284,0,0,0.2779107129,0,0,-19.72700523,-19.72700523
4.115,4.951764256,0,0,0.2684811084,0,0,-19.73542255,-19.73542255
4.12,4.953083122,0,0,0.2590678623,0,0,-19.74363205,-19.74363205
4.125,4.954354962,0,0,0.2496706294,0,0,-19.75163886,-19.75163886
4.13,4.955579855,0,0,0.2402890651,0,0,-19.75944798,-19.75944798
4.135,4.956757878,0,0,0.230922825,0,0,-19.76706429,-19.76706429
4.14,4.957889108,0,0,0.2215715654,0,0,-19.77449256,-19.77449256
4.145,4.958973618,0,0,0.2122349431,0,0,-19.78173742,-19.78173742
4.15,4.960011481,0,0,0.202912615,0,0,-19.7888034,-19.7888034
4.155,4.961002767,0,0,0.1936042388,0,0,-19.79569492,-19.79569492
4.16,4.961947546,0,0,0.1843094724,0,0,-19.80241629,-19.80241629
4.165,4.962845884,0,0,0.1750279742,0,0,-19.80897171,-19.80897171
4.17,4.963697847,0,0,0.1657594029,0,0,-19.81536528,-19.81536528
4.175,4.964503499,0,0,0.1565034177,0,0,-19.82160099,-19.82160099
4.18,4.965262902,0,0,0.1472596781,0,0,-19.82768273,-19.82768273
4.185,4.965976116,0,0,0.1380278439,0,0,-19.83361432,-19.83361432
4.19,4.9666432,0,0,0.1288075754,0,0,-19.83939946,-19.83939946
4.195,4.96726421,0,0,0.1195985331,0,0,-19.84504176,-19.84504176
4.2,4.967839203,0,0,0.1104003776,0,0,-19.85054476,-19.85054476
4.205,4.968368232,0,0,0.1012127701,0,0,-19.85591188,-19.85591188
4.21,4.968851348,0,0,0.09203537201,0,0,-19.86114649,-19.86114649
4.215,4.969288602,0,0,0.08286784478,0,0,-19.86625185,-19.86625185
4.22,4.969680042,0,0,0.07370985022,0,0,-19.87123117,-19.87123117
4.225,4.970025716,0,0,0.06456105033,0,0,-19.87608754,-19.87608754
4.23,4.970325667,0,0,0.05542110724,0,0,-19.88082401,-19.88082401
4.235,4.970579941,0,0,0.04628968324,0,0,-19.88544354,-19.88544354
4.24,4.970788578,0,0,0.03716644077,0,0,-19.88994901,-19.88994901
4.245,4.970951618,0,0,0.02805104235,0,0,-19.89434324,-19.89434324
4.25,4.971069101,0,0,0.01894315057,0,0,-19.89862897,-19.89862897
4.255,4.971141062,0,0,0.009842428083,0,0,-19.90280889,-19.90280889
4.26,4.971167537,0,0,0.000748537562,0,0,-19.90688561,-19.90688561
4.265,4.971148558,0,0,-0.008338761223,0,0,-19.91086167,-19.91086167
4.27,4.97108416,0,0,-0.01741921135,0,0,-19.91473957,-19.91473957
4.275,4.970974378,0,0,-0.02649239899,0,0,-19.91852172,-19.91852172
4.28,4.970819249,0,0,-0.03555791265,0,0,-19.92221048,-19.92221048
4.285,4.970618813,0,0,-0.04461534326,0,0,-19.92580817,-19.92580817
4.29,4.97037311,0,0,-0.05366428425,0,0,-19.92931704,-19.92931704
4.295,4.970082185,0,0,-0.06270433155,0,0,-19.93273927,-19.93273927
4.3,4.969746082,0,0,-0.07173508366,0,0,-19.936077,-19.936077
4.305,4.96936485,0,0,-0.08075614169,0,0,-19.93933233,-19.93933233
4.31,4.968938537,0,0,-0.08976710934,0,0,-19.94250728,-19.94250728
4.315,4.968467196,0,0,-0.09876759302,0,0,-19.94560384,-19.94560384
4.32,4.96795088,0,0,-0.1077572018,0,0,-19.94862394,-19.94862394
4.325,4.967389643,0,0,-0.1167355476,0,0,-19.95156948,-19.95156948
4.33,4.966783544,0,0,-0.125702245,0,0,-19.9544423,-19.9544423
4.335,4.966132641,0,0,-0.1346569115,0,0,-19.95724418,-19.95724418
4.34,4.965436995,0,0,-0.1435991673,0,0,-19.95997689,-19.95997689
4.345,4.96469667,0,0,-0.1525286356,0,0,-19.96264212,-19.96264212
4.35,4.963911731,0,0,-0.1614449426,0,0,-19.96524155,-19.96524155
4.355,4.963082243,0,0,-0.1703477173,0,0,-19.9677768,-19.9677768
4.36,4.962208277,0,0,-0.1792365919,0,0,-19.97024946,-19.97024946
4.365,4.961289901,0,0,-0.1881112012,0,0,-19.97266106,-19.97266106
4.37,4.960327189,0,0,-0.1969711837,0,0,-19.97501312,-19.97501312
4.375,4.959320214,0,0,-0.2058161804,0,0,-19.97730711,-19.97730711
4.38,4.958269053,0,0,-0.2146458357,0,0,-19.97954446,-19.97954446
4.385,4.957173782,0,0,-0.2234597973,0,0,-19.98172657,-19.98172657
4.39,4.956034482,0,0,-0.2322577158,0,0,-19.9838548,-19.9838548
4.395,4.954851232,0,0,-0.2410392452,0,0,-19.98593049,-19.98593049
4.4,4.953624117,0,0,-0.2498040426,0,0,-19.98795493,-19.98795493
4.405,4.95235322,0,0,-0.2585517687,0,0,-19.98992938,-19.98992938
4.41,4.951038628,0,0,-0.2672820871,0,0,-19.99185509,-19.99185509
4.415,4.949680429,0,0,-0.275994665,0,0,-19.99373325,-19.99373325
4.42,4.948278712,0,0,-0.2846891729,0,0,-19.99556504,-19.99556504
4.425,4.946833568,0,0,-0.2933652848,0,0,-19.9973516,-19.9973516
4.43,4.94534509,0,0,-0.3020226779,0,0,-19.99909405,-19.99909405
4.435,4.943813373,0,0,-0.310661033,0,0,-20.00079347,-20.00079347
4.44,4.942238512,0,0,-0.3192800344,0,0,-20.00245094,-20.00245094
4.445,4.940620605,0,0,-0.3278793698,0,0,-20.00406749,-20.00406749
4.45,4.938959752,0,0,-0.3364587306,0,0,-20.00564412,-20.00564412
4.455,4.937256052,0,0,-0.3450178114,0,0,-20.00718183,-20.00718183
4.46,4.935509608,0,0,-0.3535563108,0,0,-20.00868157,-20.00868157
4.465,4.933720524,0,0,-0.3620739306,0,0,-20.01014428,-20.01014428
4.47,4.931888904,0,0,-0.3705703765,0,0,-20.01157088,-20.01157088
4.475,4.930014856,0,0,-0.3790453577,0,0,-20.01296226,-20.01296226
4.48,4.928098487,0,0,-0.387498587,0,0,-20.01431928,-20.01431928
4.485,4.926139906,0,0,-0.395929781,0,0,-20.01564279,-20.01564279
4.49,4.924139226,0,0,-0.4043386599,0,0,-20.01693363,-20.01693363
4.495,4.922096557,0,0,-0.4127249476,0,0,-20.0181926,-20.0181926
4.5,4.920012015,0,0,-0.4210883718,0,0,-20.01942048,-20.01942048
4.505,4.917885712,0,0,-0.4294286639,0,0,-20.02061805,-20.02061805
4.51,4.915717767,0,0,-0.4377455589,0,0,-20.02178605,-20.02178605
4.515,4.913508296,0,0,-0.4460387958,0,0,-20.02292521,-20.02292521
4.52,4.911257419,0,0,-0.4543081172,0,0,-20.02403625,-20.02403625
4.525,4.908965255,0,0,-0.4625532696,0,0,-20.02511985,-20.02511985
4.53,4.906631927,0,0,-0.4707740032,0,0,-20.0261767,-20.0261767
4.535,4.904257556,0,0,-0.4789700722,0,0,-20.02720745,-20.02720745
4.54,4.901842268,0,0,-0.4871412343,0,0,-20.02821276,-20.02821276
4.545,4.899386186,0,0,-0.4952872513,0,0,-20.02919325,-20.02919325
4.55,4.896889437,0,0,-0.5034078887,0,0,-20.03014952,-20.03014952
4.555,4.89435215,0,0,-0.5115029159,0,0,-20.03108219,-20.03108219
4.56,4.891774451,0,0,-0.5195721061,0,0,-20.03199183,-20.03199183
4.565,4.889156472,0,0,-0.5276152365,0,0,-20.03287901,-20.03287901
4.57,4.886498343,0,0,-0.535632088,0,0,-20.03374428,-20.03374428
4.575,4.883800195,0,0,-0.5436224453,0,0,-20.03458819,-20.03458819
4.58,4.881062163,0,0,-0.5515860971,0,0,-20.03541127,-20.03541127
4.585,4.878284379,0,0,-0.5595228361,0,0,-20.03621402,-20.03621402
4.59,4.87546698,0,0,-0.5674324585,0,0,-20.03699696,-20.03699696
4.595,4.8726101,0,0,-0.5753147647,0,0,-20.03776056,-20.03776056
4.6,4.869713878,0,0,-0.5831695589,0,0,-20.03850531,-20.03850531
4.605,4.866778451,0,0,-0.5909966489,0,0,-20.03923167,-20.03923167
4.61,4.863803958,0,0,-0.5987958467,0,0,-20.0399401,-20.0399401
4.615,4.860790539,0,0,-0.6065669681,0,0,-20.04063103,-20.04063103
4.62,4.857738335,0,0,-0.6143098326,0,0,-20.04130491,-20.04130491
4.625,4.854647488,0,0,-0.6220242637,0,0,-20.04196215,-20.04196215
4.63,4.85151814,0,0,-0.6297100886,0,0,-20.04260316,-20.04260316
4.635,4.848350435,0,0,-0.6373671386,0,0,-20.04322834,-20.04322834
4.64,4.845144517,0,0,-0.6449952486,0,0,-20.04383809,-20.04383809
4.645,4.841900531,0,0,-0.6525942574,0,0,-20.04443279,-20.04443279
4.65,4.838618623,0,0,-0.6601640077,0,0,-20.0450128,-20.0450128
4.655,4.83529894,0,0,-0.6677043459,0,0,-20.04557849,-20.04557849
4.66,4.831941629,0,0,-0.6752151222,0,0,-20.04613021,-20.04613021
4.665,4.828546838,0,0,-0.6826961907,0,0,-20.04666831,-20.04666831
4.67,4.825114717,0,0,-0.6901474092,0,0,-20.04719313,-20.04719313
4.675,4.821645414,0,0,-0.6975686393,0,0,-20.04770499,-20.04770499
4.68,4.818139081,0,0,-0.7049597464,0,0,-20.04820421,-20.04820421
4.685,4.814595867,0,0,-0.7123205995,0,0,-20.0486911,-20.0486911
4.69,4.811015925,0,0,-0.7196510715,0,0,-20.04916598,-20.04916598
4.695,4.807399407,0,0,-0.7269510389,0,0,-20.04962912,-20.04962912
4.7,4.803746466,0,0,-0.7342203819,0,0,-20.05008084,-20.05008084
4.705,4.800057255,0,0,-0.7414589846,0,0,-20.0505214,-20.0505214
4.71,4.796331928,0,0,-0.7486667344,0,0,-20.05095108,-20.05095108
4.715,4.792570639,0,0,-0.7558435227,0,0,-20.05137015,-20.05137015
4.72,4.788773544,0,0,-0.7629892442,0,0,-20.05177888,-20.05177888
4.725,4.784940799,0,0,-0.7701037976,0,0,-20.05217752,-20.05217752
4.73,4.781072558,0,0,-0.7771870849,0,0,-20.05256631,-20.05256631
4.735,4.77716898,0,0,-0.7842390118,0,0,-20.0529455,-20.0529455
4.74,4.773230221,0,0,-0.7912594875,0,0,-20.05331534,-20.05331534
4.745,4.769256438,0,0,-0.7982484248,0,0,-20.05367604,-20.05367604
4.75,4.765247789,0,0,-0.8052057401,0,0,-20.05402783,-20.05402783
4.755,4.761204433,0,0,-0.812131353,0,0,-20.05437094,-20.05437094
4.76,4.757126529,0,0,-0.8190251868,0,0,-20.05470558,-20.05470558
4.765,4.753014234,0,0,-0.8258871683,0,0,-20.05503195,-20.05503195
4.77,4.74886771,0,0,-0.8327172276,0,0,-20.05535027,-20.05535027
4.775,4.744687115,0,0,-0.8395152982,0,0,-20.05566073,-20.05566073
4.78,4.74047261,0,0,-0.8462813171,0,0,-20.05596352,-20.05596352
4.785,4.736224356,0,0,-0.8530152246,0,0,-20.05625884,-20.05625884
4.79,4.731942512,0,0,-0.8597169642,0,0,-20.05654686,-20.05654686
4.795,4.72762724,0,0,-0.8663864829,0,0,-20.05682777,-20.05682777
4.8,4.723278701,0,0,-0.8730237309,0,0,-20.05710175,-20.05710175
4.805,4.718897056,0,0,-0.8796286616,0,0,-20.05736896,-20.05736896
4.81,4.714482468,0,0,-0.8862012318,0,0,-20.05762958,-20.05762958
4.815,4.710035098,0,0,-0.8927414013,0,0,-20.05788376,-20.05788376
4.82,4.705555108,0,0,-0.8992491332,0,0,-20.05813167,-20.05813167
4.825,4.701042661,0,0,-0.9057243937,0,0,-20.05837345,-20.05837345
4.83,4.696497918,0,0,-0.9121671521,0,0,-20.05860927,-20.05860927
4.835,4.691921044,0,0,-0.9185773808,0,0,-20.05883926,-20.05883926
4.84,4.687312199,0,0,-0.9249550553,0,0,-20.05906357,-20.05906357
4.845,4.682671547,0,0,-0.9313001542,0,0,-20.05928235,-20.05928235
4.85,4.677999252,0,0,-0.9376126589,0,0,-20.05949572,-20.05949572
4.855,4.673295475,0,0,-0.943892554,0,0,-20.05970383,-20.05970383
4.86,4.66856038,0,0,-0.9501398269,0,0,-20.0599068,-20.0599068
4.865,4.663794131,0,0,-0.9563544679,0,0,-20.06010475,-20.06010475
4.87,4.65899689,0,0,-0.9625364703,0,0,-20.06029782,-20.06029782
4.875,4.654168821,0,0,-0.9686858302,0,0,-20.06048613,-20.06048613
4.88,4.649310086,0,0,-0.9748025465,0,0,-20.06066978,-20.06066978
4.885,4.64442085,0,0,-0.9808866209,0,0,-20.0608489,-20.0608489
4.89,4.639501274,0,0,-0.9869380578,0,0,-20.06102359,-20.06102359
4.895,4.634551524,0,0,-0.9929568646,0,0,-20.06119398,-20.06119398
4.9,4.62957176,0,0,-0.9989430512,0,0,-20.06136015,-20.06136015
4.905,4.624562147,0,0,-1.00489663,0,0,-20.06152222,-20.06152222
4.91,4.619522848,0,0,-1.010817616,0,0,-20.0616803,-20.0616803
4.915,4.614454026,0,0,-1.016706028,0,0,-20.06183446,-20.06183446
4.92,4.609355842,0,0,-1.022561885,0,0,-20.06198483,-20.06198483
4.925,4.604228461,0,0,-1.028385211,0,0,-20.06213148,-20.06213148
4.93,4.599072044,0,0,-1.034176032,0,0,-20.06227451,-20.06227451
4.935,4.593886755,0,0,-1.039934374,0,0,-20.062414,-20.062414
4.94,4.588672755,0,0,-1.045660268,0,0,-20.06255006,-20.06255006
4.945,4.583430206,0,0,-1.051353748,0,0,-20.06268275,-20.06268275
4.95,4.578159271,0,0,-1.057014848,0,0,-20.06281217,-20.06281217
4.955,4.572860111,0,0,-1.062643606,0,0,-20.06293839,-20.06293839
4.96,4.567532889,0,0,-1.068240062,0,0,-20.0630615,-20.0630615
4.965,4.562177765,0,0,-1.073804257,0,0,-20.06318156,-20.06318156
4.97,4.5567949,0,0,-1.079336237,0,0,-20.06329867,-20.06329867
4.975,4.551384456,0,0,-1.084836047,0,0,-20.06341288,-20.06341288
4.98,4.545946593,0,0,-1.090303737,0,0,-20.06352427,-20.06352427
4.985,4.540481472,0,0,-1.095739357,0,0,-20.06363291,-20.06363291
4.99,4.534989253,0,0,-1.101142961,0,0,-20.06373887,-20.06373887
4.995,4.529470096,0,0,-1.106514603,0,0,-20.06384221,-20.06384221
5,4.52392416,0,0,-1.111854341,0,0,-20.063943,-20.063943
5.005,4.518351605,0,0,-1.117162234,0,0,-20.0640413,-20.0640413
5.01,4.512752591,0,0,-1.122438343,0,0,-20.06413718,-20.06413718
5.015,4.507127275,0,0,-1.127682732,0,0,-20.06423069,-20.06423069
5.02,4.501475816,0,0,-1.132895465,0,0,-20.06432189,-20.06432189
5.025,4.495798373,0,0,-1.138076609,0,0,-20.06441083,-20.06441083
5.03,4.490095102,0,0,-1.143226233,0,0,-20.06449759,-20.06449759
5.035,4.484366163,0,0,-1.148344408,0,0,-20.06458219,-20.06458219
5.04,4.478611711,0,0,-1.153431206,0,0,-20.06466472,-20.06466472
5.045,4.472831903,0,0,-1.158486702,0,0,-20.0647452,-20.0647452
5.05,4.467026896,0,0,-1.163510971,0,0,-20.06482369,-20.06482369
5.055,4.461196845,0,0,-1.168504091,0,0,-20.06490025,-20.06490025
5.06,4.455341907,0,0,-1.173466142,0,0,-20.06497492,-20.06497492
5.065,4.449462235,0,0,-1.178397204,0,0,-20.06504774,-20.06504774
5.07,4.443557986,0,0,-1.18329736,0,0,-20.06511877,-20.06511877
5.075,4.437629313,0,0,-1.188166694,0,0,-20.06518804,-20.06518804
5.08,4.43167656,0,0,-1.192891939,0,0,-19.56977678,-19.56977678
5.085,4.425700815,0,0,-1.197364527,0,0,-19.08659727,-19.08659727
5.09,4.419703324,0,0,-1.201591471,0,0,-18.61534751,-18.61534751
5.095,4.413685298,0,0,-1.205579617,0,0,-18.15573294,-18.15573294
5.1,4.407647915,0,0,-1.209335647,0,0,-17.7074663,-17.7074663
5.105,4.401592318,0,0,-1.212866086,0,0,-17.2702674,-17.2702674
5.11,4.395519619,0,0,-1.2161773,0,0,-16.84386298,-16.84386298
5.115,4.3894309,0,0,-1.219275504,0,0,-16.42798652,-16.42798652
5.12,4.383327209,0,0,-1.222166759,0,0,-16.02237808,-16.02237808
5.125,4.377209567,0,0,-1.224856983,0,0,-15.62678416,-15.62678416
5.13,4.371078965,0,0,-1.227351944,0,0,-15.24095748,-15.24095748
5.135,4.364936364,0,0,-1.229657274,0,0,-14.8646569,-14.8646569
5.14,4.358782699,0,0,-1.231778461,0,0,-14.49764722,-14.49764722
5.145,4.352618877,0,0,-1.233720862,0,0,-14.13969903,-14.13969903
5.15,4.346445779,0,0,-1.235489697,0,0,-13.79058862,-13.79058862
5.155,4.340264261,0,0,-1.237090059,0,0,-13.45009777,-13.45009777
5.16,4.334075151,0,0,-1.23852691,0,0,-13.11801368,-13.11801368
5.165,4.327879256,0,0,-1.23980509,0,0,-12.79412876,-12.79412876
5.17,4.321677357,0,0,-1.240929316,0,0,-12.4782406,-12.4782406
5.175,4.315470212,0,0,-1.241904186,0,0,-12.17015174,-12.17015174
5.18,4.309258557,0,0,-1.242734182,0,0,-11.86966962,-11.86966962
5.185,4.303043104,0,0,-1.243423669,0,0,-11.57660644,-11.57660644
5.19,4.296824547,0,0,-1.243976903,0,0,-11.29077901,-11.29077901
5.195,4.290603555,0,0,-1.244398031,0,0,-11.01200868,-11.01200868
5.2,4.28438078,0,0,-1.244691091,0,0,-10.74012122,-10.74012122
5.205,4.278156851,0,0,-1.244860019,0,0,-10.47494668,-10.47494668
5.21,4.27193238,0,0,-1.244908648,0,0,-10.21631932,-10.21631932
5.215,4.265707959,0,0,-1.244840712,0,0,-9.9640775,-9.9640775
5.22,4.259484161,0,0,-1.244659848,0,0,-9.71806355,-9.71806355
5.225,4.253261543,0,0,-1.244369597,0,0,-9.478123706,-9.478123706
5.23,4.247040642,0,0,-1.243973408,0,0,-9.244107998,-9.244107998
5.235,4.24082198,0,0,-1.24347464,0,0,-9.015870158,-9.015870158
5.24,4.234606061,0,0,-1.242876561,0,0,-8.793267531,-8.793267531
5.245,4.228393374,0,0,-1.242182357,0,0,-8.576160982,-8.576160982
5.25,4.222184393,0,0,-1.241395125,0,0,-8.364414813,-8.364414813
5.255,4.215979573,0,0,-1.240517883,0,0,-8.157896675,-8.157896675
5.26,4.209779359,0,0,-1.239553568,0,0,-7.956477489,-7.956477489
5.265,4.203584178,0,0,-1.238505038,0,0,-7.76003136,-7.76003136
5.27,4.197394444,0,0,-1.237375074,0,0,-7.568435503,-7.568435503
5.275,4.191210558,0,0,-1.236166385,0,0,-7.381570164,-7.381570164
5.28,4.185032907,0,0,-1.234881603,0,0,-7.199318548,-7.199318548
5.285,4.178861865,0,0,-1.233523294,0,0,-7.021566739,-7.021566739
5.29,4.172697793,0,0,-1.23209395,0,0,-6.848203639,-6.848203639
5.295,4.16654104,0,0,-1.230595998,0,0,-6.679120888,-6.679120888
5.3,4.160391943,0,0,-1.2290318,0,0,-6.514212806,-6.514212806
5.305,4.154250828,0,0,-1.227403651,0,0,-6.353376319,-6.353376319
5.31,4.148118009,0,0,-1.225713786,0,0,-6.196510899,-6.196510899
5.315,4.14199379,0,0,-1.223964376,0,0,-6.0435185,-6.0435185
5.32,4.135878461,0,0,-1.222157536,0,0,-5.894303496,-5.894303496
5.325,4.129772307,0,0,-1.22029532,0,0,-5.748772624,-5.748772624
5.33,4.123675597,0,0,-1.218379726,0,0,-5.606834922,-5.606834922
5.335,4.117588595,0,0,-1.216412698,0,0,-5.468401675,-5.468401675
5.34,4.111511553,0,0,-1.214396125,0,0,-5.333386357,-5.333386357
5.345,4.105444713,0,0,-1.212331844,0,0,-5.201704578,-5.201704578
5.35,4.099388311,0,0,-1.210221642,0,0,-5.073274035,-5.073274035
5.355,4.093342571,0,0,-1.208067254,0,0,-4.948014452,-4.948014452
5.36,4.087307709,0,0,-1.205870368,0,0,-4.82584754,-4.82584754
5.365,4.081283935,0,0,-1.203632624,0,0,-4.70669694,-4.70669694
5.37,4.075271448,0,0,-1.201355617,0,0,-4.590488178,-4.590488178
5.375,4.069270442,0,0,-1.199040896,0,0,-4.477148622,-4.477148622
5.38,4.0632811,0,0,-1.196689967,0,0,-4.366607428,-4.366607428
5.385,4.0573036,0,0,-1.194304293,0,0,-4.258795507,-4.258795507
5.39,4.051338112,0,0,-1.191885295,0,0,-4.153645471,-4.153645471
5.395,4.0453848,0,0,-1.189434356,0,0,-4.051091599,-4.051091599
5.4,4.03944382,0,0,-1.186952816,0,0,-3.951069791,-3.951069791
5.405,4.033515321,0,0,-1.18444198,0,0,-3.85351753,-3.85351753
5.41,4.027599447,0,0,-1.181903113,0,0,-3.758373844,-3.758373844
5.415,4.021696334,0,0,-1.179337446,0,0,-3.665579263,-3.665579263
5.42,4.015806115,0,0,-1.176746172,0,0,-3.575075788,-3.575075788
5.425,4.009928913,0,0,-1.174130453,0,0,-3.486806852,-3.486806852
5.43,4.004064849,0,0,-1.171491414,0,0,-3.400717284,-3.400717284
5.435,3.998214036,0,0,-1.168830149,0,0,-3.316753276,-3.316753276
5.44,3.992376583,0,0,-1.16614772,0,0,-3.234862345,-3.234862345
5.445,3.986552593,0,0,-1.163445158,0,0,-3.15499331,-3.15499331
5.45,3.980742163,0,0,-1.160723464,0,0,-3.077096247,-3.077096247
5.455,3.974945388,0,0,-1.157983609,0,0,-3.00112247,-3.00112247
5.46,3.969162356,0,0,-1.155226536,0,0,-2.927024492,-2.927024492
5.465,3.96339315,0,0,-1.15245316,0,0,-2.854756,-2.854756
5.47,3.95763785,0,0,-1.149664369,0,0,-2.784271823,-2.784271823
5.475,3.951896531,0,0,-1.146861025,0,0,-2.715527907,-2.715527907
5.48,3.946169263,0,0,-1.144043963,0,0,-2.648481284,-2.648481284
5.485,3.940456113,0,0,-1.141213995,0,0,-2.583090048,-2.583090048
5.49,3.934757143,0,0,-1.138371907,0,0,-2.519313328,-2.519313328
5.495,3.929072412,0,0,-1.135518461,0,0,-2.45711126,-2.45711126
5.5,3.923401976,0,0,-1.132654399,0,0,-2.396444967,-2.396444967
5.505,3.917745885,0,0,-1.129780438,0,0,-2.33727653,-2.33727653
5.51,3.912104187,0,0,-1.126897273,0,0,-2.279568967,-2.279568967
5.515,3.906476926,0,0,-1.124005579,0,0,-2.223286208,-2.223286208
5.52,3.900864144,0,0,-1.12110601,0,0,-2.168393076,-2.168393076
5.525,3.895265878,0,0,-1.1181992,0,0,-2.114855261,-2.114855261
5.53,3.889682163,0,0,-1.115285764,0,0,-2.062639298,-2.062639298
5.535,3.884113031,0,0,-1.112366296,0,0,-2.011712552,-2.011712552
5.54,3.878558509,0,0,-1.109441374,0,0,-1.962043193,-1.962043193
5.545,3.873018625,0,0,-1.106511557,0,0,-1.913600173,-1.913600173
5.55,3.867493401,0,0,-1.103577386,0,0,-1.866353217,-1.866353217
5.555,3.861982858,0,0,-1.100639385,0,0,-1.820272792,-1.820272792
5.56,3.856487013,0,0,-1.097698062,0,0,-1.775330096,-1.775330096
5.565,3.851005882,0,0,-1.09475391,0,0,-1.73149704,-1.73149704
5.57,3.845539478,0,0,-1.091807404,0,0,-1.688746226,-1.688746226
5.575,3.840087811,0,0,-1.088859006,0,0,-1.647050933,-1.647050933
5.58,3.83465089,0,0,-1.085909161,0,0,-1.606385101,-1.606385101
5.585,3.829228721,0,0,-1.082958301,0,0,-1.566723311,-1.566723311
5.59,3.823821308,0,0,-1.080006844,0,0,-1.528040775,-1.528040775
5.595,3.818428653,0,0,-1.077055195,0,0,-1.490313314,-1.490313314
5.6,3.813050756,0,0,-1.074103743,0,0,-1.453517347,-1.453517347
5.605,3.807687614,0,0,-1.071152867,0,0,-1.417629876,-1.417629876
5.61,3.802339225,0,0,-1.068202933,0,0,-1.382628469,-1.382628469
5.615,3.797005583,0,0,-1.065254293,0,0,-1.348491251,-1.348491251
5.62,3.79168668,0,0,-1.06230729,0,0,-1.315196883,-1.315196883
5.625,3.786382507,0,0,-1.059362254,0,0,-1.282724556,-1.282724556
5.63,3.781093053,0,0,-1.056419503,0,0,-1.251053974,-1.251053974
5.635,3.775818307,0,0,-1.053479345,0,0,-1.220165342,-1.220165342
5.64,3.770558255,0,0,-1.050542078,0,0,-1.190039352,-1.190039352
5.645,3.765312881,0,0,-1.047607989,0,0,-1.160657176,-1.160657176
5.65,3.76008217,0,0,-1.044677355,0,0,-1.132000448,-1.132000448
5.655,3.754866102,0,0,-1.041750443,0,0,-1.104051257,-1.104051257
5.66,3.749664658,0,0,-1.038827513,0,0,-1.076792135,-1.076792135
5.665,3.744477819,0,0,-1.035908812,0,0,-1.050206042,-1.050206042
5.67,3.739305563,0,0,-1.03299458,0,0,-1.024276362,-1.024276362
5.675,3.734147866,0,0,-1.03008505,0,0,-0.998986889,-0.998986889
5.68,3.729004704,0,0,-1.027180444,0,0,-0.9743218148,-0.9743218148
5.685,3.723876053,0,0,-1.024280976,0,0,-0.9502657235,-0.9502657235
5.69,3.718761886,0,0,-1.021386855,0,0,-0.9268035792,-0.9268035792
5.695,3.713662175,0,0,-1.018498278,0,0,-0.9039207173,-0.9039207173
5.7,3.708576893,0,0,-1.015615439,0,0,-0.8816028353,-0.8816028353
5.705,3.703506011,0,0,-1.01273852,0,0,-0.8598359837,-0.8598359837
5.71,3.698449498,0,0,-1.0098677,0,0,-0.8386065577,-0.8386065577
5.715,3.693407323,0,0,-1.007003149,0,0,-0.8179012879,-0.8179012879
5.72,3.688379456,0,0,-1.00414503,0,0,-0.7977072332,-0.7977072332
5.725,3.683365862,0,0,-1.001293502,0,0,-0.7780117714,-0.7780117714
5.73,3.678366509,0,0,-0.9984487155,0,0,-0.7588025924,-0.7588025924
5.735,3.673381363,0,0,-0.9956108152,0,0,-0.7400676896,-0.7400676896
5.74,3.668410389,0,0,-0.9927799404,0,0,-0.7217953532,-0.7217953532
5.745,3.663453552,0,0,-0.9899562244,0,0,-0.7039741625,-0.7039741625
5.75,3.658510815,0,0,-0.9871397949,0,0,-0.6865929785,-0.6865929785
5.755,3.653582142,0,0,-0.9843307744,0,0,-0.6696409374,-0.6696409374
5.76,3.648667495,0,0,-0.9815292797,0,0,-0.6531074438,-0.6531074438
5.765,3.643766836,0,0,-0.9787354229,0,0,-0.6369821635,-0.6369821635
5.77,3.638880128,0,0,-0.9759493111,0,0,-0.6212550179,-0.6212550179
5.775,3.63400733,0,0,-0.9731710463,0,0,-0.6059161768,-0.6059161768
5.78,3.629148404,0,0,-0.9704007261,0,0,-0.5909560531,-0.5909560531
5.785,3.624303309,0,0,-0.9676384434,0,0,-0.5763652962,-0.5763652962
5.79,3.619472006,0,0,-0.9648842869,0,0,-0.5621347863,-0.5621347863
5.795,3.614654453,0,0,-0.9621383409,0,0,-0.548255629,-0.548255629
5.8,3.609850609,0,0,-0.9594006856,0,0,-0.5347191493,-0.5347191493
5.805,3.605060432,0,0,-0.9566713971,0,0,-0.5215168865,-0.5215168865
5.81,3.600283881,0,0,-0.9539505477,0,0,-0.5086405886,-0.5086405886
5.815,3.595520912,0,0,-0.9512382058,0,0,-0.4960822078,-0.4960822078
5.82,3.590771484,0,0,-0.9485344364,0,0,-0.4838338944,-0.4838338944
5.825,3.586035554,0,0,-0.9458393007,0,0,-0.471887993,-0.471887993
5.83,3.581313077,0,0,-0.9431528565,0,0,-0.460237037,-0.460237037
5.835,3.57660401,0,0,-0.9404751583,0,0,-0.448873744,-0.448873744
5.84,3.571908311,0,0,-0.9378062573,0,0,-0.4377910118,-0.4377910118
5.845,3.567225933,0,0,-0.9351462018,0,0,-0.4269819132,-0.4269819132
5.85,3.562556834,0,0,-0.9324950366,0,0,-0.4164396922,-0.4164396922
5.855,3.557900968,0,0,-0.929852804,0,0,-0.4061577596,-0.4061577596
5.86,3.553258291,0,0,-0.9272195433,0,0,-0.3961296887,-0.3961296887
5.865,3.548628757,0,0,-0.9245952908,0,0,-0.3863492119,-0.3863492119
5.87,3.544012323,0,0,-0.9219800805,0,0,-0.3768102159,-0.3768102159
5.875,3.539408942,0,0,-0.9193739435,0,0,-0.3675067385,-0.3675067385
5.88,3.534818568,0,0,-0.9167769084,0,0,-0.3584329648,-0.3584329648
5.885,3.530241157,0,0,-0.9141890017,0,0,-0.3495832233,-0.3495832233
5.89,3.525676663,0,0,-0.9116102471,0,0,-0.3409519828,-0.3409519828
5.895,3.521125039,0,0,-0.9090406663,0,0,-0.3325338484,-0.3325338484
5.9,3.516586241,0,0,-0.9064802787,0,0,-0.3243235584,-0.3243235584
5.905,3.512060221,0,0,-0.9039291014,0,0,-0.3163159812,-0.3163159812
5.91,3.507546935,0,0,-0.9013871498,0,0,-0.3085061118,-0.3085061118
5.915,3.503046334,0,0,-0.8988544369,0,0,-0.3008890688,-0.3008890688
5.92,3.498558375,0,0,-0.8963309739,0,0,-0.2934600912,-0.2934600912
5.925,3.494083009,0,0,-0.8938167703,0,0,-0.2862145357,-0.2862145357
5.93,3.489620192,0,0,-0.8913118336,0,0,-0.2791478736,-0.2791478736
5.935,3.485169875,0,0,-0.8888161695,0,0,-0.2722556881,-0.2722556881
5.94,3.480732014,0,0,-0.8863297821,0,0,-0.2655336712,-0.2655336712
5.945,3.476306562,0,0,-0.8838526739,0,0,-0.2589776215,-0.2589776215
5.95,3.471893472,0,0,-0.8813848456,0,0,-0.2525834413,-0.2525834413
5.955,3.467492698,0,0,-0.8789262967,0,0,-0.2463471339,-0.2463471339
5.96,3.463104194,0,0,-0.8764770249,0,0,-0.2402648015,-0.2402648015
5.965,3.458727913,0,0,-0.8740370266,0,0,-0.2343326424,-0.2343326424
5.97,3.454363808,0,0,-0.8716062969,0,0,-0.2285469488,-0.2285469488
5.975,3.450011834,0,0,-0.8691848295,0,0,-0.2229041045,-0.2229041045
5.98,3.445671944,0,0,-0.8667726167,0,0,-0.2174005826,-0.2174005826
5.985,3.441344093,0,0,-0.8643696496,0,0,-0.2120329431,-0.2120329431
5.99,3.437028233,0,0,-0.8619759183,0,0,-0.2067978311,-0.2067978311
5.995,3.432724318,0,0,-0.8595914115,0,0,-0.2016919744,-0.2016919744
6,3.428432303,0,0,-0.8572161169,0,0,-0.1967121818,-0.1967121818
6.005,3.424152142,0,0,-0.8548500211,0,0,-0.1918553408,-0.1918553408
6.01,3.419883788,0,0,-0.8524931097,0,0,-0.1871184155,-0.1871184155
6.015,3.415627195,0,0,-0.8501453671,0,0,-0.1824984454,-0.1824984454
6.02,3.411382319,0,0,-0.8478067771,0,0,-0.1779925427,-0.1779925427
6.025,3.407149112,0,0,-0.8454773222,0,0,-0.1735978912,-0.1735978912
6.03,3.40292753,0,0,-0.8431569843,0,0,-0.169311744,-0.169311744
6.035,3.398717527,0,0,-0.8408457443,0,0,-0.1651314221,-0.1651314221
6.04,3.394519058,0,0,-0.8385435822,0,0,-0.1610543128,-0.1610543128
6.045,3.390332076,0,0,-0.8362504774,0,0,-0.1570778676,-0.1570778676
6.05,3.386156538,0,0,-0.8339664084,0,0,-0.1531996013,-0.1531996013
6.055,3.381992397,0,0,-0.8316913529,0,0,-0.1494170896,-0.1494170896
6.06,3.377839609,0,0,-0.8294252882,0,0,-0.1457279685,-0.1457279685
6.065,3.373698129,0,0,-0.8271681905,0,0,-0.1421299322,-0.1421299322
6.07,3.369567912,0,0,-0.8249200357,0,0,-0.1386207316,-0.1386207316
6.075,3.365448914,0,0,-0.8226807988,0,0,-0.1351981736,-0.1351981736
6.08,3.36134109,0,0,-0.8204504546,0,0,-0.1318601188,-0.1318601188
6.085,3.357244395,0,0,-0.8182289768,0,0,-0.1286044809,-0.1286044809
6.09,3.353158785,0,0,-0.816016339,0,0,-0.1254292249,-0.1254292249
6.095,3.349084217,0,0,-0.813812514,0,0,-0.1223323663,-0.1223323663
6.1,3.345020645,0,0,-0.8116174743,0,0,-0.1193119694,-0.1193119694
6.105,3.340968027,0,0,-0.8094311917,0,0,-0.1163661464,-0.1163661464
6.11,3.336926319,0,0,-0.8072536377,0,0,-0.113493056,-0.113493056
6.115,3.332895476,0,0,-0.8050847834,0,0,-0.1106909025,-0.1106909025
6.12,3.328875457,0,0,-0.8029245994,0,0,-0.1079579344,-0.1079579344
6.125,3.324866216,0,0,-0.8007730558,0,0,-0.1052924435,-0.1052924435
6.13,3.320867712,0,0,-0.7986301225,0,0,-0.1026927638,-0.1026927638
6.135,3.316879901,0,0,-0.796495769,0,0,-0.1001572704,-0.1001572704
6.14,3.31290274,0,0,-0.7943699644,0,0,-0.09768437858,-0.09768437858
6.145,3.308936187,0,0,-0.7922526775,0,0,-0.09527254268,-0.09527254268
6.15,3.304980199,0,0,-0.7901438768,0,0,-0.09292025522,-0.09292025522
6.155,3.301034734,0,0,-0.7880435305,0,0,-0.09062604594,-0.09062604594
6.16,3.29709975,0,0,-0.7859516067,0,0,-0.0883884809,-0.0883884809
6.165,3.293175204,0,0,-0.7838680728,0,0,-0.08620616153,-0.08620616153
6.17,3.289261055,0,0,-0.7817928964,0,0,-0.08407772381,-0.08407772381
6.175,3.285357261,0,0,-0.7797260447,0,0,-0.08200183742,-0.08200183742
6.18,3.281463781,0,0,-0.7776674847,0,0,-0.07997720484,-0.07997720484
6.185,3.277580572,0,0,-0.7756171831,0,0,-0.07800256062,-0.07800256062
6.19,3.273707595,0,0,-0.7735751065,0,0,-0.07607667053,-0.07607667053
6.195,3.269844808,0,0,-0.7715412214,0,0,-0.07419833085,-0.07419833085
6.2,3.265992169,0,0,-0.769515494,0,0,-0.07236636753,-0.07236636753
6.205,3.262149639,0,0,-0.7674978903,0,0,-0.07057963555,-0.07057963555
6.21,3.258317177,0,0,-0.7654883765,0,0,-0.06883701814,-0.06883701814
6.215,3.254494742,0,0,-0.7634869182,0,0,-0.0671374261,-0.0671374261
6.22,3.250682294,0,0,-0.7614934812,0,0,-0.06547979715,-0.06547979715
6.225,3.246879794,0,0,-0.7595080311,0,0,-0.06386309519,-0.06386309519
6.23,3.243087201,0,0,-0.7575305334,0,0,-0.06228630976,-0.06228630976
6.235,3.239304475,0,0,-0.7555609535,0,0,-0.06074845529,-0.06074845529
6.24,3.235531578,0,0,-0.7535992568,0,0,-0.05924857058,-0.05924857058
6.245,3.23176847,0,0,-0.7516454085,0,0,-0.05778571817,-0.05778571817
6.25,3.228015111,0,0,-0.7496993738,0,0,-0.0563589837,-0.0563589837
6.255,3.224271463,0,0,-0.7477611178,0,0,-0.05496747544,-0.05496747544
6.26,3.220537487,0,0,-0.7458306058,0,0,-0.05361032363,-0.05361032363
6.265,3.216813144,0,0,-0.7439078027,0,0,-0.05228668003,-0.05228668003
6.27,3.213098396,0,0,-0.7419926736,0,0,-0.05099571729,-0.05099571729
6.275,3.209393205,0,0,-0.7400851835,0,0,-0.04973662855,-0.04973662855
6.28,3.205697532,0,0,-0.7381852974,0,0,-0.04850862681,-0.04850862681
6.285,3.202011339,0,0,-0.7362929804,0,0,-0.04731094455,-0.04731094455
6.29,3.198334589,0,0,-0.7344081973,0,0,-0.04614283317,-0.04614283317
6.295,3.194667245,0,0,-0.7325309134,0,0,-0.04500356256,-0.04500356256
6.3,3.191009268,0,0,-0.7306610935,0,0,-0.04389242064,-0.04389242064
6.305,3.187360621,0,0,-0.7287987027,0,0,-0.04280871291,-0.04280871291
6.31,3.183721268,0,0,-0.7269437061,0,0,-0.04175176203,-0.04175176203
6.315,3.180091172,0,0,-0.7250960688,0,0,-0.04072090735,-0.04072090735
6.32,3.176470295,0,0,-0.7232557559,0,0,-0.03971550456,-0.03971550456
6.325,3.172858602,0,0,-0.7214227326,0,0,-0.03873492526,-0.03873492526
6.33,3.169256056,0,0,-0.7195969641,0,0,-0.03777855655,-0.03777855655
6.335,3.16566262,0,0,-0.7177784157,0,0,-0.03684580067,-0.03684580067
6.34,3.16207826,0,0,-0.7159670527,0,0,-0.0359360746,-0.0359360746
6.345,3.158502938,0,0,-0.7141628406,0,0,-0.03504880976,-0.03504880976
6.35,3.15493662,0,0,-0.7123657447,0,0,-0.03418345156,-0.03418345156
6.355,3.151379269,0,0,-0.7105757306,0,0,-0.03333945914,-0.03333945914
6.36,3.14783085,0,0,-0.708792764,0,0,-0.03251630496,-0.03251630496
6.365,3.144291329,0,0,-0.7070168104,0,0,-0.03171347453,-0.03171347453
6.37,3.140760671,0,0,-0.7052478357,0,0,-0.03093046605,-0.03093046605
6.375,3.13723884,0,0,-0.7034858057,0,0,-0.03016679012,-0.03016679012
6.38,3.133725801,0,0,-0.7017306863,0,0,-0.02942196942,-0.02942196942
6.385,3.130221521,0,0,-0.6999824435,0,0,-0.02869553841,-0.02869553841
6.39,3.126725965,0,0,-0.6982410435,0,0,-0.02798704304,-0.02798704304
6.395,3.123239099,0,0,-0.6965064525,0,0,-0.02729604049,-0.02729604049
6.4,3.11976089,0,0,-0.6947786368,0,0,-0.02662209885,-0.02662209885
6.405,3.116291302,0,0,-0.6930575629,0,0,-0.02596479688,-0.02596479688
6.41,3.112830303,0,0,-0.6913431971,0,0,-0.02532372377,-0.02532372377
6.415,3.109377859,0,0,-0.6896355063,0,0,-0.0246984788,-0.0246984788
6.42,3.105933937,0,0,-0.6879344571,0,0,-0.02408867118,-0.02408867118
6.425,3.102498503,0,0,-0.6862400164,0,0,-0.02349391977,-0.02349391977
6.43,3.099071525,0,0,-0.6845521512,0,0,-0.02291385283,-0.02291385283
6.435,3.095652971,0,0,-0.6828708286,0,0,-0.02234810779,-0.02234810779
6.44,3.092242806,0,0,-0.6811960158,0,0,-0.02179633104,-0.02179633104
6.445,3.088841,0,0,-0.6795276801,0,0,-0.02125817771,-0.02125817771
6.45,3.085447519,0,0,-0.6778657889,0,0,-0.02073331143,-0.02073331143
6.455,3.082062331,0,0,-0.67621031,0,0,-0.02022140415,-0.02022140415
6.46,3.078685405,0,0,-0.674561211,0,0,-0.0197221359,-0.0197221359
6.465,3.075316709,0,0,-0.6729184597,0,0,-0.01923519463,-0.01923519463
6.47,3.07195621,0,0,-0.6712820241,0,0,-0.01876027598,-0.01876027598
6.475,3.068603878,0,0,-0.6696518723,0,0,-0.01829708312,-0.01829708312
6.48,3.065259681,0,0,-0.6680279726,0,0,-0.01784532653,-0.01784532653
6.485,3.061923588,0,0,-0.6664102933,0,0,-0.01740472384,-0.01740472384
6.49,3.058595568,0,0,-0.664798803,0,0,-0.01697499968,-0.01697499968
6.495,3.055275589,0,0,-0.6631934702,0,0,-0.01655588544,-0.01655588544
6.5,3.051963623,0,0,-0.6615942639,0,0,-0.01614711918,-0.01614711918
6.505,3.048659637,0,0,-0.6600011528,0,0,-0.01574844538,-0.01574844538
6.51,3.045363601,0,0,-0.6584141061,0,0,-0.01535961488,-0.01535961488
6.515,3.042075486,0,0,-0.656833093,0,0,-0.01498038464,-0.01498038464
6.52,3.03879526,0,0,-0.6552580828,0,0,-0.01461051763,-0.01461051763
6.525,3.035522895,0,0,-0.653689045,0,0,-0.01424978266,-0.01424978266
6.53,3.03225836,0,0,-0.6521259493,0,0,-0.01389795427,-0.01389795427
6.535,3.029001625,0,0,-0.6505687654,0,0,-0.01355481256,-0.01355481256
6.54,3.025752662,0,0,-0.6490174632,0,0,-0.01322014304,-0.01322014304
6.545,3.022511441,0,0,-0.6474720128,0,0,-0.01289373655,-0.01289373655
6.55,3.019277932,0,0,-0.6459323845,0,0,-0.01257538906,-0.01257538906
6.555,3.016052107,0,0,-0.6443985485,0,0,-0.0122649016,-0.0122649016
6.56,3.012833937,0,0,-0.6428704755,0,0,-0.0119620801,-0.0119620801
6.565,3.009623393,0,0,-0.6413481359,0,0,-0.01166673529,-0.01166673529
6.57,3.006420446,0,0,-0.6398315008,0,0,-0.01137868257,-0.01137868257
6.575,3.003225069,0,0,-0.6383205408,0,0,-0.01109774189,-0.01109774189
6.58,3.000037232,0,0,-0.6368152273,0,0,-0.01082373767,-0.01082373767
6.585,2.996856907,0,0,-0.6353155314,0,0,-0.01055649864,-0.01055649864
6.59,2.993684067,0,0,-0.6338214245,0,0,-0.01029585775,-0.01029585775
6.595,2.990518684,0,0,-0.6323328781,0,0,-0.01004165212,-0.01004165212
6.6,2.987360729,0,0,-0.630849864,0,0,-0.009793722847,-0.009793722847
6.605,2.984210176,0,0,-0.6293723539,0,0,-0.009551914969,-0.009551914969
6.61,2.981066996,0,0,-0.6279003199,0,0,-0.009316077347,-0.009316077347
6.615,2.977931163,0,0,-0.626433734,0,0,-0.009086062579,-0.009086062579
6.62,2.97480265,0,0,-0.6249725686,0,0,-0.008861726894,-0.008861726894
6.625,2.971681429,0,0,-0.6235167961,0,0,-0.008642930078,-0.008642930078
6.63,2.968567473,0,0,-0.6220663891,0,0,-0.008429535373,-0.008429535373
6.635,2.965460756,0,0,-0.6206213202,0,0,-0.008221409404,-0.008221409404
6.64,2.962361251,0,0,-0.6191815624,0,0,-0.008018422082,-0.008018422082
6.645,2.959268932,0,0,-0.6177470886,0,0,-0.007820446536,-0.007820446536
6.65,2.956183771,0,0,-0.6163178721,0,0,-0.007627359022,-0.007627359022
6.655,2.953105744,0,0,-0.6148938862,0,0,-0.007439038858,-0.007439038858
6.66,2.950034824,0,0,-0.6134751042,0,0,-0.007255368333,-0.007255368333
6.665,2.946970984,0,0,-0.6120614999,0,0,-0.007076232652,-0.007076232652
6.67,2.9439142,0,0,-0.6106530469,0,0,-0.006901519844,-0.006901519844
6.675,2.940864445,0,0,-0.6092497193,0,0,-0.006731120713,-0.006731120713
6.68,2.937821695,0,0,-0.6078514909,0,0,-0.00656492875,-0.00656492875
6.685,2.934785922,0,0,-0.606458336,0,0,-0.006402840082,-0.006402840082
6.69,2.931757103,0,0,-0.605070229,0,0,-0.006244753396,-0.006244753396
6.695,2.928735211,0,0,-0.6036871443,0,0,-0.006090569886,-0.006090569886
6.7,2.925720223,0,0,-0.6023090566,0,0,-0.005940193179,-0.005940193179
6.705,2.922712113,0,0,-0.6009359406,0,0,-0.005793529288,-0.005793529288
6.71,2.919710855,0,0,-0.5995677712,0,0,-0.00565048654,-0.00565048654
6.715,2.916716427,0,0,-0.5982045235,0,0,-0.00551097553,-0.00551097553
6.72,2.913728802,0,0,-0.5968461727,0,0,-0.005374909059,-0.005374909059
6.725,2.910747957,0,0,-0.5954926941,0,0,-0.005242202082,-0.005242202082
6.73,2.907773867,0,0,-0.5941440633,0,0,-0.005112771651,-0.005112771651
6.735,2.904806508,0,0,-0.5928002557,0,0,-0.00498653687,-0.00498653687
6.74,2.901845856,0,0,-0.5914612473,0,0,-0.004863418835,-0.004863418835
6.745,2.898891888,0,0,-0.5901270138,0,0,-0.004743340597,-0.004743340597
6.75,2.895944578,0,0,-0.5887975314,0,0,-0.0046262271,-0.0046262271
6.755,2.893003905,0,0,-0.5874727762,0,0,-0.004512005146,-0.004512005146
6.76,2.890069843,0,0,-0.5861527246,0,0,-0.004400603342,-0.004400603342
6.765,2.887142369,0,0,-0.5848373529,0,0,-0.004291952058,-0.004291952058
6.77,2.884221461,0,0,-0.5835266379,0,0,-0.004185983385,-0.004185983385
6.775,2.881307095,0,0,-0.5822205562,0,0,-0.004082631086,-0.004082631086
6.78,2.878399248,0,0,-0.5809190847,0,0,-0.003981830566,-0.003981830566
6.785,2.875497897,0,0,-0.5796222004,0,0,-0.003883518819,-0.003883518819
6.79,2.872603019,0,0,-0.5783298804,0,0,-0.003787634398,-0.003787634398
6.795,2.869714591,0,0,-0.5770421021,0,0,-0.003694117371,-0.003694117371
6.8,2.86683259,0,0,-0.5757588427,0,0,-0.003602909288,-0.003602909288
6.805,2.863956995,0,0,-0.57448008,0,0,-0.003513953141,-0.003513953141
6.81,2.861087782,0,0,-0.5732057915,0,0,-0.003427193329,-0.003427193329
6.815,2.858224929,0,0,-0.571935955,0,0,-0.003342575624,-0.003342575624
6.82,2.855368415,0,0,-0.5706705485,0,0,-0.003260047138,-0.003260047138
6.825,2.852518216,0,0,-0.5694095501,0,0,-0.003179556288,-0.003179556288
6.83,2.849674312,0,0,-0.5681529379,0,0,-0.003101052763,-0.003101052763
6.835,2.84683668,0,0,-0.5669006902,0,0,-0.003024487498,-0.003024487498
6.84,2.844005298,0,0,-0.5656527856,0,0,-0.002949812635,-0.002949812635
6.845,2.841180145,0,0,-0.5644092026,0,0,-0.002876981502,-0.002876981502
6.85,2.838361199,0,0,-0.5631699199,0,0,-0.002805948575,-0.002805948575
6.855,2.835548438,0,0,-0.5619349164,0,0,-0.002736669458,-0.002736669458
6.86,2.832741842,0,0,-0.560704171,0,0,-0.002669100848,-0.002669100848
6.865,2.82994139,0,0,-0.5594776628,0,0,-0.002603200513,-0.002603200513
6.87,2.827147059,0,0,-0.5582553711,0,0,-0.002538927264,-0.002538927264
6.875,2.824358829,0,0,-0.557037275,0,0,-0.002476240926,-0.002476240926
6.88,2.821576679,0,0,-0.5558233542,0,0,-0.00241510232,-0.00241510232
6.885,2.818800588,0,0,-0.5546135882,0,0,-0.002355473231,-0.002355473231
6.89,2.816030536,0,0,-0.5534079568,0,0,-0.00229731639,-0.00229731639
6.895,2.813266502,0,0,-0.5522064396,0,0,-0.002240595446,-0.002240595446
6.9,2.810508465,0,0,-0.5510090167,0,0,-0.002185274947,-0.002185274947
6.905,2.807756405,0,0,-0.5498156682,0,0,-0.002131320317,-0.002131320317
6.91,2.805010302,0,0,-0.5486263742,0,0,-0.002078697831,-0.002078697831
6.915,2.802270135,0,0,-0.547441115,0,0,-0.002027374599,-0.002027374599
6.92,2.799535884,0,0,-0.5462598711,0,0,-0.001977318541,-0.001977318541
6.925,2.796807529,0,0,-0.545082623,0,0,-0.001928498372,-0.001928498372
6.93,2.794085051,0,0,-0.5439093514,0,0,-0.001880883578,-0.001880883578
6.935,2.791368429,0,0,-0.542740037,0,0,-0.001834444397,-0.001834444397
6.94,2.788657644,0,0,-0.5415746607,0,0,-0.001789151804,-0.001789151804
6.945,2.785952676,0,0,-0.5404132035,0,0,-0.001744977488,-0.001744977488
6.95,2.783253505,0,0,-0.5392556466,0,0,-0.00170189384,-0.00170189384
6.955,2.780560113,0,0,-0.5381019711,0,0,-0.001659873932,-0.001659873932
6.96,2.777872479,0,0,-0.5369521584,0,0,-0.001618891498,-0.001618891498
6.965,2.775190585,0,0,-0.53580619,0,0,-0.001578920925,-0.001578920925
6.97,2.772514411,0,0,-0.5346640474,0,0,-0.001539937228,-0.001539937228
6.975,2.769843938,0,0,-0.5335257123,0,0,-0.001501916043,-0.001501916043
6.98,2.767179148,0,0,-0.5323911665,0,0,-0.001464833604,-0.001464833604
6.985,2.76452002,0,0,-0.5312603919,0,0,-0.001428666733,-0.001428666733
6.99,2.761866537,0,0,-0.5301333705,0,0,-0.001393392826,-0.001393392826
6.995,2.75921868,0,0,-0.5290100843,0,0,-0.001358989835,-0.001358989835
7,2.75657643,0,0,-0.5278905157,0,0,-0.001325436256,-0.001325436256
