time,x,y,psi,u,v,r,left,right,distance
0,0,0,0,0,0,0,0,0,20
0.05,0,0,0,0,0,0,0,0,20
0.1,0,0,0,0,0,0,0,0,20
0.15,0,0,0,0,0,0,0,0,20
0.2,0,0,0,0,0,0,0,0,20
0.25,0,0,0,0,0,0,0,0,20
0.3,0,0,0,0,0,0,0,0,20
0.35,0,0,0,0,0,0,0,0,20
0.4,0,0,0,0,0,0,0,0,20
0.45,0,0,0,0,0,0,0,0,20
0.5,0,0,0,0,0,0,0,0,20
0.55,0,0,0,0,0,0,0,0,20
0.6,0,0,0,0,0,0,0,0,20
0.65,0,0,0,0,0,0,0,0,20
0.7,0,0,0,0,0,0,0,0,20
0.75,0,0,0,0,0,0,0,0,20
0.8,0,0,0,0,0,0,0,0,20
0.85,0,0,0,0,0,0,0,0,20
0.9,0,0,0,0,0,0,0,0,20
0.95,0,0,0,0,0,0,0,0,20
1,0,0,0,0,0,0,150,-100,20
1.05,0.0003455627875,-4.802208948e-08,-0.0008283786996,0.0137891217,7.593552807e-06,-0.03288934646,150,-100,19.99965444
1.1,0.00137553469,-7.582003027e-07,-0.003264898276,0.02737555065,5.925334666e-05,-0.0643364141,150,-100,19.99862447
1.15,0.003079670566,-3.787120562e-06,-0.007239037795,0.0407546134,0.0001950607256,-0.09440445041,150,-100,19.99692033
1.2,0.005447507491,-1.180764152e-05,-0.01268336883,0.05392156113,0.0004509970533,-0.1231539293,150,-100,19.99455249
1.25,0.008468373415,-2.843435142e-05,-0.01953341988,0.06687141492,0.0008592006068,-0.1506426728,150,-100,19.99153163
1.3,0.01213139274,-5.815021035e-05,-0.02772754664,0.07959885971,0.001448206868,-0.1769259671,150,-100,19.98786861
1.35,0.01642548963,-0.0001062346019,-0.03720680809,0.092098179,0.002243172543,-0.2020566744,150,-100,19.98357451
1.4,0.02133938967,-0.0001786929939,-0.04791484791,0.1043632238,0.003266084052,-0.2260853382,150,-100,19.97866061
1.45,0.02686162071,-0.0002821883858,-0.05979778115,0.1163874098,0.004535951516,-0.249060286,150,-100,19.97313838
1.5,0.03298051321,-0.0004239747104,-0.07280408584,0.1281637374,0.006068989404,-0.2710277257,150,-100,19.96701949
1.55,0.03968420075,-0.0006118323533,-0.08688449936,0.13968483,0.007878785101,-0.2920318391,150,-100,19.96031581
1.6,0.04696062094,-0.0008540059447,-0.1019919194,0.1509429871,0.009976456628,-0.3121148705,150,-100,19.9530394
1.65,0.05479751721,-0.00115914458,-0.1180813092,0.161930248,0.01237080076,-0.3313172115,150,-100,19.94520252
1.7,0.06318244151,-0.001536244615,-0.135109607,0.1726384633,0.01506843268,-0.3496774825,150,-100,19.93681762
1.75,0.07210275826,-0.001994595187,-0.1530356393,0.1830593711,0.01807391817,-0.3672326105,150,-100,19.92789734
1.8,0.08154564954,-0.002543726581,-0.1718200383,0.1931846775,0.02138989944,-0.3840179029,150,-100,19.91845451
1.85,0.09149812158,-0.003193361587,-0.1914251625,0.2030061363,0.02501721522,-0.4000671188,150,-100,19.90850213
1.9,0.1019470125,-0.003953369926,-0.211815021,0.2125156292,0.02895501603,-0.4154125372,150,-100,19.89805338
1.95,0.1128790011,-0.004833725864,-0.2329552014,0.2217052433,0.03320087515,-0.4300850212,150,-100,19.88712159
2,0.1242806173,-0.005844469055,-0.2548128001,0.2305673455,0.03775089578,-0.4441140806,0,0,19.87572024
2.05,0.1358055224,-0.006906354967,-0.276527978,0.2254042747,0.04225711024,-0.4246385848,0,0,19.86419568
2.1,0.1471203556,-0.007933046675,-0.2972908918,0.2203092393,0.04639170762,-0.4060171374,0,0,19.85288123
2.15,0.1582308745,-0.008924117371,-0.3171433007,0.2152928207,0.05017900252,-0.3882122863,0,0,19.84177113
2.2,0.1691426538,-0.009879315767,-0.3361251327,0.2103635948,0.05364200427,-0.3711882218,0,0,19.83085981
2.25,0.1798610832,-0.01079854532,-0.3542745645,0.2055283931,0.05680243654,-0.3549107045,0,0,19.82014186
2.3,0.1903913661,-0.01168184518,-0.3716280991,0.2007925345,0.05968076791,-0.3393469963,0,0,19.80961208
2.35,0.2007385209,-0.01252937273,-0.3882206385,0.1961600296,0.06229625059,-0.3244657951,0,0,19.79926544
2.4,0.2109073832,-0.01334138788,-0.4040855542,0.1916337623,0.06466696509,-0.3102371711,0,0,19.78909711
2.45,0.2209026096,-0.01411823872,-0.4192547543,0.1872156493,0.06680986895,-0.2966325074,0,0,19.77910243
2.5,0.230728682,-0.01486034875,-0.4337587476,0.1829067799,0.06874084798,-0.2836244416,0,0,19.7692769
2.55,0.2403899126,-0.01556820537,-0.4476267051,0.1787075402,0.07047476896,-0.2711868116,0,0,19.75961622
2.6,0.2498904496,-0.01624234964,-0.4608865185,0.1746177206,0.07202553275,-0.2592946023,0,0,19.75011623
2.65,0.2592342829,-0.0168833672,-0.4735648564,0.1706366105,0.0734061271,-0.2479238956,0,0,19.74077294
2.7,0.2684252501,-0.01749188014,-0.485687218,0.1667630808,0.07462867856,-0.2370518224,0,0,19.7315825
2.75,0.2774670431,-0.01806853991,-0.4972779842,0.1629956562,0.07570450308,-0.2266565164,0,0,19.72254123
2.8,0.2863632134,-0.01861402106,-0.5083604668,0.1593325774,0.07664415497,-0.2167170701,0,0,19.71364557
2.85,0.2951171791,-0.01912901569,-0.5189569552,0.1557718555,0.07745747397,-0.2072134931,0,0,19.70489211
2.9,0.3037322303,-0.01961422866,-0.5290887616,0.1523113192,0.07815363033,-0.1981266712,0,0,19.69627754
2.95,0.312211535,-0.02007037337,-0.5387762633,0.1489486552,0.0787411677,-0.1894383289,0,0,19.6877987
3,0.320558145,-0.02049816812,-0.5480389441,0.1456814434,0.07922804394,-0.1811309918,0,0,19.67945253
3.05,0.3287750014,-0.02089833297,-0.5568954336,0.1425071866,0.07962166964,-0.1731879519,0,0,19.6712361
3.1,0.3368649395,-0.02127158697,-0.5653635443,0.1394233366,0.07992894456,-0.1655932338,0,0,19.66314657
3.15,0.3448306942,-0.02161864587,-0.5734603074,0.1364273157,0.08015629193,-0.1583315628,0,0,19.65518119
3.2,0.352674905,-0.02194022011,-0.5812020076,0.1335165355,0.08030969064,-0.151388334,0,0,19.64733735
3.25,0.36040012,-0.02223701311,-0.5886042151,0.1306884123,0.08039470555,-0.1447495828,0,0,19.63961247
3.3,0.3680088009,-0.02250971987,-0.5956818176,0.1279403808,0.08041651574,-0.1384019573,0,0,19.6320041
3.35,0.375503327,-0.02275902575,-0.6024490499,0.1252699043,0.08037994106,-0.1323326907,0,0,19.62450987
3.4,0.3828859991,-0.02298560553,-0.6089195223,0.1226744842,0.08028946693,-0.1265295764,0,0,19.61712747
3.45,0.3901590431,-0.02319012254,-0.6151062486,0.1201516673,0.08014926742,-0.120980943,0,0,19.60985467
3.5,0.3973246142,-0.02337322807,-0.6210216717,0.1176990517,0.07996322684,-0.1156756308,0,0,19.60268932
3.55,0.4043847995,-0.0235355608,-0.6266776889,0.1153142913,0.0797349599,-0.1106029696,0,0,19.59562933
3.6,0.4113416217,-0.02367774648,-0.6320856759,0.1129950997,0.07946783038,-0.1057527571,0,0,19.58867269
3.65,0.4181970418,-0.02380039757,-0.6372565093,0.1107392529,0.07916496865,-0.1011152383,0,0,19.58181742
3.7,0.4249529624,-0.02390411307,-0.6422005889,0.108544591,0.07882928785,-0.09668108619,0,0,19.57506163
3.75,0.4316112298,-0.02398947841,-0.6469278585,0.1064090195,0.07846349904,-0.09244138253,0,0,19.56840347
3.8,0.438173637,-0.02405706537,-0.6514478256,0.1043305101,0.07807012523,-0.08838760032,0,0,19.56184116
3.85,0.444641926,-0.02410743211,-0.6557695811,0.1023071008,0.07765151447,-0.08451158645,0,0,19.55537293
3.9,0.4510177899,-0.0241411232,-0.659901817,0.1003368958,0.07720985198,-0.08080554532,0,0,19.54899712
3.95,0.4573028753,-0.02415866971,-0.6638528441,0.09841806469,0.07674717146,-0.07726202322,0,0,19.54271206
4,0.463498784,-0.02416058935,-0.667630609,0.09654884184,0.07626536554,-0.07387389328,0,0,19.53651616
4.05,0.4696070752,-0.02414738664,-0.6712427096,0.09472752526,0.07576619561,-0.07063434119,0,0,19.53040785
4.1,0.4756292673,-0.02411955305,-0.6746964107,0.09295247532,0.07525130082,-0.06753685143,0,0,19.52438563
4.15,0.4815668392,-0.02407756724,-0.6779986584,0.09122211337,0.07472220652,-0.06457519422,0,0,19.51844801
4.2,0.4874212324,-0.02402189526,-0.6811560945,0.08953492015,0.07418033213,-0.06174341298,0,0,19.51259355
4.25,0.4931938524,-0.0239529908,-0.6841750693,0.08788943426,0.07362699834,-0.05903581231,0,0,19.50682085
4.3,0.4988860699,-0.02387129539,-0.6870616545,0.08628425039,0.07306343394,-0.0564469466,0,0,19.50112854
4.35,0.5044992224,-0.0237772387,-0.6898216559,0.08471801762,0.0724907821,-0.05397160902,0,0,19.49551528
4.4,0.5100346155,-0.02367123876,-0.6924606245,0.08318943768,0.07191010616,-0.05160482109,0,0,19.48997976
4.45,0.5154935239,-0.02355370224,-0.6949838678,0.08169726313,0.07132239513,-0.04934182264,0,0,19.48452071
4.5,0.5208771926,-0.02342502469,-0.6973964606,0.08024029561,0.07072856873,-0.04717806224,0,0,19.47913689
4.55,0.5261868385,-0.02328559084,-0.6997032553,0.07881738407,0.07012948204,-0.04510918806,0,0,19.47382708
4.6,0.5314236505,-0.02313577481,-0.7019088914,0.077427423,0.06952592995,-0.04313103911,0,0,19.4685901
4.65,0.5365887913,-0.02297594041,-0.7040178049,0.07606935074,0.06891865116,-0.04123963686,0,0,19.46342477
4.7,0.541683398,-0.02280644139,-0.7060342374,0.07474214776,0.06830833202,-0.03943117725,0,0,19.45832997
4.75,0.5467085832,-0.0226276217,-0.7079622443,0.073444835,0.06769561001,-0.03770202305,0,0,19.45330458
4.8,0.5516654352,-0.02243981572,-0.7098057034,0.07217647229,0.06708107704,-0.03604869652,0,0,19.44834751
4.85,0.5565550197,-0.02224334853,-0.7115683222,0.07093615672,0.06646528252,-0.03446787243,0,0,19.4434577
4.9,0.56137838,-0.02203853618,-0.7132536459,0.06972302116,0.06584873617,-0.03295637136,0,0,19.43863411
4.95,0.5661365379,-0.02182568587,-0.714865064,0.06853623275,0.0652319107,-0.03151115334,0,0,19.43387572
5,0.5708304941,-0.02160509623,-0.7164058175,0.06737499148,0.06461524426,-0.03012931169,0,0,19.42918152
5.05,0.5754612295,-0.02137705754,-0.7178790051,0.0662385288,0.06399914274,-0.0288080672,0,0,19.42455053
5.1,0.5800297052,-0.02114185195,-0.7192875898,0.06512610628,0.06338398193,-0.02754476253,0,0,19.4199818
5.15,0.5845368633,-0.02089975373,-0.7206344046,0.06403701432,0.06277010952,-0.02633685687,0,0,19.41547439
5.2,0.5889836276,-0.02065102944,-0.7219221582,0.06297057093,0.06215784692,-0.02518192086,0,0,19.41102736
5.25,0.593370904,-0.02039593816,-0.7231534407,0.06192612052,0.06154749108,-0.02407763163,0,0,19.40663981
5.3,0.5976995811,-0.02013473172,-0.7243307284,0.06090303274,0.06093931602,-0.02302176821,0,0,19.40231087
5.35,0.6019705306,-0.01986765485,-0.7254563892,0.05990070143,0.06033357441,-0.022012207,0,0,19.39803964
5.4,0.606184608,-0.01959494543,-0.726532687,0.05891854351,0.05973049896,-0.02104691753,0,0,19.39382529
5.45,0.6103426527,-0.01931683463,-0.7275617864,0.05795599803,0.05913030374,-0.02012395838,0,0,19.38966697
5.5,0.6144454887,-0.01903354712,-0.7285457573,0.05701252515,0.05853318539,-0.01924147326,0,0,19.38556386
5.55,0.6184939251,-0.01874530127,-0.7294865787,0.05608760522,0.05793932431,-0.01839768728,0,0,19.38151514
5.6,0.6224887561,-0.01845230927,-0.7303861427,0.05518073795,0.05734888571,-0.0175909034,0,0,19.37752003
5.65,0.6264307618,-0.01815477733,-0.7312462586,0.0542914415,0.0567620206,-0.01681949898,0,0,19.37357774
5.7,0.6303207084,-0.01785290587,-0.7320686564,0.0534192517,0.05617886676,-0.01608192254,0,0,19.36968752
5.75,0.6341593486,-0.01754688963,-0.7328549899,0.05256372126,0.05559954959,-0.01537669065,0,0,19.3658486
5.8,0.6379474217,-0.01723691785,-0.7336068408,0.05172441907,0.05502418293,-0.0147023849,0,0,19.36206025
5.85,0.6416856544,-0.01692317444,-0.7343257212,0.05090092944,0.05445286983,-0.01405764913,0,0,19.35832174
5.9,0.6453747608,-0.01660583809,-0.7350130769,0.05009285147,0.05388570328,-0.01344118661,0,0,19.35463236
5.95,0.6490154425,-0.01628508243,-0.7356702904,0.04929979839,0.05332276685,-0.01285175748,0,0,19.35099141
6,0.6526083895,-0.01596107618,-0.7362986835,0.04852139696,0.05276413534,-0.01228817628,0,0,19.34739819
6.05,0.6561542799,-0.01563398326,-0.7368995199,0.04775728685,0.05220987534,-0.01174930949,0,0,19.34385204
6.1,0.6596537805,-0.01530396295,-0.7374740082,0.04700712014,0.05166004583,-0.01123407335,0,0,19.34035227
6.15,0.6631075469,-0.01497116999,-0.7380233038,0.04627056073,0.0511146986,-0.01074143157,0,0,19.33689825
6.2,0.6665162238,-0.0146357547,-0.7385485114,0.04554728388,0.05057387883,-0.01027039335,0,0,19.33348932
6.25,0.6698804455,-0.01429786313,-0.7390506874,0.0448369757,0.05003762547,-0.00982001132,0,0,19.33012484
6.3,0.6732008355,-0.01395763716,-0.7395308417,0.04413933267,0.04950597169,-0.009389379647,0,0,19.3268042
6.35,0.6764780075,-0.01361521461,-0.7399899401,0.04345406127,0.04897894526,-0.008977632233,0,0,19.32352679
6.4,0.6797125651,-0.01327072935,-0.7404289058,0.04278087748,0.04845656892,-0.008583940957,0,0,19.32029199
6.45,0.682905102,-0.01292431139,-0.7408486219,0.04211950644,0.04793886074,-0.008207514013,0,0,19.31709922
6.5,0.6860562026,-0.01257608703,-0.7412499323,0.04146968203,0.04742583442,-0.007847594317,0,0,19.31394789
6.55,0.689166442,-0.01222617891,-0.7416336443,0.04083114654,0.0469174996,-0.007503457986,0,0,19.31083743
6.6,0.6922363859,-0.01187470615,-0.7420005296,0.04020365031,0.04641386215,-0.00717441288,0,0,19.30776727
6.65,0.6952665914,-0.01152178439,-0.7423513261,0.03958695137,0.04591492443,-0.006859797213,0,0,19.30473685
6.7,0.6982576065,-0.01116752596,-0.7426867393,0.03898081519,0.04542068552,-0.006558978216,0,0,19.30174562
6.75,0.7012099708,-0.01081203988,-0.7430074438,0.03838501432,0.0449311415,-0.006271350874,0,0,19.29879306
6.8,0.7041242156,-0.01045543203,-0.7433140846,0.03779932816,0.0444462856,-0.005996336698,0,0,19.29587862
6.85,0.7070008636,-0.01009780517,-0.7436072784,0.03722354261,0.04396610848,-0.005733382572,0,0,19.29300178
6.9,0.7098404297,-0.009739259052,-0.743887615,0.03665744991,0.04349059834,-0.00548195963,0,0,19.29016203
6.95,0.7126434209,-0.009379890507,-0.7441556581,0.03610084829,0.04301974117,-0.005241562204,0,0,19.28735886
7,0.7154103362,-0.009019793503,-0.7444119469,0.03555354183,0.04255352088,-0.005011706797,0,0,19.28459177
7.05,0.7181416671,-0.008659059231,-0.7446569968,0.03501534015,0.04209191946,-0.004791931116,0,0,19.28186028
7.1,0.7208378977,-0.008297776173,-0.7448913007,0.03448605826,0.04163491713,-0.004581793139,0,0,19.27916389
7.15,0.7234995047,-0.00793603018,-0.7451153297,0.03396551631,0.04118249248,-0.00438087023,0,0,19.27650213
7.2,0.7261269574,-0.007573904533,-0.7453295345,0.03345353943,0.04073462261,-0.004188758285,0,0,19.27387453
7.25,0.7287207185,-0.007211480019,-0.7455343459,0.0329499575,0.04029128321,-0.004005070921,0,0,19.27128063
7.3,0.7312812432,-0.006848834987,-0.7457301758,0.03245460502,0.03985244873,-0.003829438701,0,0,19.26871997
7.35,0.7338089804,-0.006486045419,-0.7459174181,0.03196732091,0.03941809244,-0.003661508386,0,0,19.26619211
7.4,0.736304372,-0.00612318499,-0.7460964494,0.03148794835,0.03898818655,-0.003500942229,0,0,19.2636966
7.45,0.7387678533,-0.005760325126,-0.7462676297,0.03101633464,0.0385627023,-0.003347417293,0,0,19.26123301
7.5,0.7411998535,-0.005397535064,-0.7464313033,0.03055233103,0.03814161005,-0.003200624804,0,0,19.2588009
7.55,0.743600795,-0.00503488191,-0.7465877995,0.03009579259,0.03772487935,-0.003060269526,0,0,19.25639986
7.6,0.7459710944,-0.004672430694,-0.7467374329,0.02964657808,0.03731247902,-0.002926069173,0,0,19.25402947
7.65,0.7483111619,-0.004310244422,-0.7468805045,0.02920454981,0.03690437723,-0.002797753836,0,0,19.25168932
7.7,0.7506214019,-0.00394838413,-0.747017302,0.02876957352,0.03650054156,-0.002675065443,0,0,19.249379
7.75,0.7529022127,-0.003586908936,-0.7471481007,0.02834151826,0.03610093907,-0.002557757237,0,0,19.24709812
7.8,0.7551539869,-0.003225876089,-0.7472731635,0.02792025628,0.03570553633,-0.002445593285,0,0,19.24484628
7.85,0.7573771115,-0.002865341015,-0.747392742,0.02750566292,0.03531429952,-0.002338347999,0,0,19.2426231
7.9,0.7595719678,-0.002505357369,-0.7475070767,0.02709761652,0.03492719445,-0.002235805682,0,0,19.2404282
7.95,0.7617389315,-0.002145977076,-0.7476163975,0.02669599828,0.03454418659,-0.002137760099,0,0,19.23826119
8,0.763878373,-0.001787250379,-0.7477209243,0.02630069222,0.03416524118,-0.002044014055,0,0,19.23612171
8.05,0.7659906574,-0.001429225881,-0.7478208674,0.02591158503,0.03379032321,-0.001954379007,0,0,19.2340094
8.1,0.7680761445,-0.001071950586,-0.7479164277,0.02552856606,0.03341939746,-0.001868674676,0,0,19.23192389
8.15,0.770135189,-0.0007154699443,-0.7480077975,0.02515152714,0.03305242858,-0.001786728691,0,0,19.22986482
8.2,0.7721681405,-0.0003598278887,-0.7480951605,0.02478036258,0.0326893811,-0.001708376239,0,0,19.22783186
8.25,0.7741753436,-5.066875267e-06,-0.7481786924,0.02441496906,0.03233021944,-0.001633459735,0,0,19.22582466
8.3,0.7761571381,0.0003487720787,-0.7482585612,0.02405524556,0.03197490798,-0.001561828504,0,0,19.22384287
8.35,0.7781138589,0.0007016493576,-0.7483349276,0.02370109328,0.03162341105,-0.001493338479,0,0,19.22188615
8.4,0.7800458362,0.001053526712,-0.7484079451,0.02335241559,0.031275693,-0.00142785191,0,0,19.21995419
8.45,0.7819533954,0.001404367221,-0.7484777606,0.02300911796,0.03093171815,-0.001365237089,0,0,19.21804666
8.5,0.7838368576,0.001754135263,-0.7485445146,0.02267110789,0.03059145091,-0.001305368081,0,0,19.21616322
8.55,0.7856965392,0.002102796476,-0.7486083412,0.02233829484,0.03025485571,-0.001248124477,0,0,19.21430358
8.6,0.787532752,0.002450317729,-0.7486693689,0.02201059021,0.02992189707,-0.001193391146,0,0,19.2124674
8.65,0.7893458038,0.00279666709,-0.7487277203,0.02168790725,0.02959253961,-0.001141058006,0,0,19.2106544
8.7,0.7911359977,0.003141813795,-0.7487835129,0.02137016102,0.02926674806,-0.001091019803,0,0,19.20886426
8.75,0.792903633,0.003485728215,-0.7488368589,0.02105726833,0.02894448726,-0.001043175899,0,0,19.20709668
8.8,0.7946490045,0.00382838183,-0.7488878655,0.0207491477,0.02862572223,-0.0009974300674,0,0,19.20535138
8.85,0.7963724029,0.0041697472,-0.7489366353,0.02044571931,0.0283104181,-0.0009536903034,0,0,19.20362805
8.9,0.7980741151,0.004509797935,-0.7489832665,0.02014690496,0.02799854018,-0.0009118686356,0,0,19.20192641
8.95,0.7997544238,0.00484850867,-0.7490278527,0.01985262802,0.02769005397,-0.000871880951,0,0,19.20024619
9,0.8014136078,0.005185855036,-0.7490704838,0.01956281338,0.02738492515,-0.0008336468248,0,0,19.19858709
9.05,0.8030519423,0.005521813638,-0.7491112454,0.01927738742,0.02708311959,-0.0007970893591,0,0,19.19694885
9.1,0.8046696984,0.005856362026,-0.7491502194,0.01899627796,0.02678460336,-0.0007621350283,0,0,19.1953312
9.15,0.8062671435,0.006189478672,-0.7491874844,0.01871941426,0.02648934275,-0.000728713531,0,0,19.19373385
9.2,0.8078445416,0.006521142946,-0.7492231152,0.01844672691,0.02619730428,-0.0006967576486,0,0,19.19215657
9.25,0.8094021527,0.006851335092,-0.7492571835,0.01817814787,0.02590845467,-0.0006662031104,0,0,19.19059907
9.3,0.8109402335,0.007180036206,-0.7492897579,0.0179136104,0.0256227609,-0.0006369884638,0,0,19.18906111
9.35,0.812459037,0.007507228213,-0.7493209037,0.01765304901,0.02534019017,-0.0006090549514,0,0,19.18754243
9.4,0.813958813,0.007832893847,-0.7493506838,0.01739639948,0.02506070992,-0.0005823463924,0,0,19.18604279
9.45,0.8154398075,0.008157016628,-0.7493791579,0.01714359877,0.02478428785,-0.0005568090694,0,0,19.18456193
9.5,0.8169022636,0.008479580841,-0.7494063833,0.01689458505,0.0245108919,-0.0005323916208,0,0,19.18309961
9.55,0.8183464207,0.008800571517,-0.7494324149,0.01664929761,0.02424049026,-0.0005090449375,0,0,19.1816556
9.6,0.8197725152,0.009119974415,-0.7494573049,0.01640767688,0.02397305139,-0.0004867220638,0,0,19.18022965
9.65,0.82118078,0.009437776,-0.7494811034,0.01616966439,0.023708544,-0.000465378103,0,0,19.17882154
9.7,0.8225714453,0.009753963423,-0.7495038583,0.01593520272,0.02344693706,-0.0004449701275,0,0,19.17743104
9.75,0.8239447377,0.01006852451,-0.7495256153,0.01570423552,0.02318819981,-0.0004254570919,0,0,19.17605791
9.8,0.825300881,0.01038144773,-0.7495464183,0.01547670744,0.02293230176,-0.000406799751,0,0,19.17470193
9.85,0.8266400959,0.01069272221,-0.749566309,0.01525256415,0.02267921266,-0.0003889605804,0,0,19.17336289
9.9,0.8279626002,0.01100233766,-0.7495853274,0.01503175228,0.02242890257,-0.0003719037013,0,0,19.17204056
9.95,0.8292686087,0.01131028441,-0.7496035118,0.0148142194,0.02218134179,-0.0003555948084,0,0,19.17073473
10,0.8305583332,0.0116165534,-0.7496208988,0.01459991405,0.02193650089,-0.0003400011006,0,0,19.16944519
10.05,0.8318319829,0.01192113609,-0.7496375233,0.01438878563,0.02169435072,-0.0003250912153,0,0,19.16817172
10.1,0.833089764,0.01222402453,-0.7496534188,0.01418078448,0.02145486239,-0.0003108351651,0,0,19.16691413
10.15,0.8343318799,0.0125252113,-0.7496686172,0.01397586178,0.02121800729,-0.0002972042779,0,0,19.16567221
10.2,0.8355585314,0.0128246895,-0.7496831492,0.01377396957,0.02098375708,-0.0002841711386,0,0,19.16444576
10.25,0.8367699166,0.01312245275,-0.7496970439,0.01357506073,0.02075208368,-0.0002717095346,0,0,19.16323458
10.3,0.8379662308,0.01341849516,-0.7497103292,0.01337908894,0.02052295929,-0.0002597944025,0,0,19.16203847
10.35,0.839147667,0.01371281132,-0.749723032,0.0131860087,0.02029635637,-0.0002484017784,0,0,19.16085724
10.4,0.8403144153,0.01400539631,-0.7497351777,0.01299577528,0.02007224765,-0.0002375087489,0,0,19.1596907
10.45,0.8414666633,0.01429624564,-0.7497467909,0.01280834471,0.01985060613,-0.0002270934055,0,0,19.15853867
10.5,0.8426045964,0.01458535527,-0.7497578947,0.01262367377,0.01963140507,-0.0002171348006,0,0,19.15740096
10.55,0.8437283971,0.01487272161,-0.7497685116,0.01244172,0.019414618,-0.000207612905,0,0,19.15627738
10.6,0.8448382459,0.01515834147,-0.7497786629,0.01226244163,0.01920021873,-0.000198508568,0,0,19.15516775
10.65,0.8459343206,0.01544221209,-0.7497883691,0.01208579759,0.01898818129,-0.0001898034785,0,0,19.1540719
10.7,0.8470167967,0.01572433108,-0.7497976497,0.01191174753,0.01877848002,-0.0001814801287,0,0,19.15298966
10.75,0.8480858474,0.01600469645,-0.7498065232,0.01174025175,0.01857108948,-0.0001735217783,0,0,19.15192084
10.8,0.8491416438,0.01628330659,-0.7498150077,0.01157127124,0.01836598451,-0.0001659124211,0,0,19.15086528
10.85,0.8501843543,0.01656016024,-0.74982312,0.0114047676,0.01816314021,-0.000158636753,0,0,19.14982281
10.9,0.8512141455,0.01683525652,-0.7498308766,0.0112407031,0.01796253192,-0.0001516801408,0,0,19.14879326
10.95,0.8522311815,0.01710859485,-0.7498382931,0.01107904062,0.01776413525,-0.0001450285932,0,0,19.14777646
11,0.8532356244,0.01738017503,-0.7498453844,0.01091974366,0.01756792603,-0.0001386687323,0,0,19.14677226
11.05,0.8542276342,0.01764999716,-0.7498521646,0.01076277631,0.01737388039,-0.000132587767,0,0,19.1457805
11.1,0.8552073686,0.01791806166,-0.7498586476,0.01060810327,0.01718197466,-0.000126773467,0,0,19.14480102
11.15,0.8561749833,0.01818436924,-0.7498648462,0.01045568978,0.01699218545,-0.0001212141384,0,0,19.14383365
11.2,0.8571306321,0.01844892093,-0.7498707731,0.01030550169,0.0168044896,-0.0001158986,0,0,19.14287826
11.25,0.8580744666,0.01871171804,-0.74987644,0.01015750537,0.01661886419,-0.0001108161611,0,0,19.14193468
11.3,0.8590066365,0.01897276216,-0.7498818584,0.01001166777,0.01643528655,-0.0001059565996,0,0,19.14100277
11.35,0.8599272895,0.01923205514,-0.7498870392,0.009867956331,0.01625373424,-0.0001013101418,0,0,19.14008237
11.4,0.8608365713,0.01948959911,-0.7498919928,0.009726339059,0.01607418507,-9.686744268e-05,0,0,19.13917335
11.45,0.8617346259,0.01974539644,-0.7498967292,0.009586784459,0.01589661706,-9.261956684e-05,0,0,19.13827556
11.5,0.8626215951,0.01999944975,-0.7499012579,0.009449261541,0.0157210085,-8.855797081e-05,0,0,19.13738886
11.55,0.8634976191,0.02025176191,-0.7499055879,0.009313739817,0.01554733787,-8.467448576e-05,0,0,19.1365131
11.6,0.8643628362,0.02050233601,-0.7499097281,0.009180189283,0.01537558391,-8.09613011e-05,0,0,19.13564815
11.65,0.8652173828,0.02075117538,-0.7499136868,0.009048580415,0.01520572557,-7.741094872e-05,0,0,19.13479387
11.7,0.8660613937,0.02099828354,-0.7499174718,0.008918884158,0.01503774204,-7.401628804e-05,0,0,19.13395013
11.75,0.8668950018,0.02124366424,-0.7499210909,0.008791071921,0.01487161272,-7.077049159e-05,0,0,19.13311679
11.8,0.8677183383,0.02148732145,-0.7499245513,0.008665115564,0.01470731722,-6.76670313e-05,0,0,19.13229373
11.85,0.8685315327,0.0217292593,-0.7499278599,0.008540987395,0.0145448354,-6.469966538e-05,0,0,19.13148081
11.9,0.8693347128,0.02196948214,-0.7499310234,0.008418660156,0.0143841473,-6.186242577e-05,0,0,19.1306779
11.95,0.8701280047,0.02220799449,-0.7499340482,0.008298107022,0.01422523322,-5.91496061e-05,0,0,19.12988489
12,0.8709115329,0.02244480107,-0.7499369403,0.008179301587,0.01406807362,-5.655575025e-05,0,0,19.12910163
12.05,0.8716854204,0.02267990674,-0.7499397057,0.008062217863,0.01391264922,-5.407564136e-05,0,0,19.12832803
12.1,0.8724497885,0.02291331656,-0.7499423497,0.007946830266,0.01375894091,-5.170429136e-05,0,0,19.12756394
12.15,0.8732047567,0.02314503573,-0.7499448778,0.007833113614,0.0136069298,-4.943693089e-05,0,0,19.12680925
12.2,0.8739504434,0.02337506962,-0.7499472951,0.00772104312,0.01345659722,-4.726899976e-05,0,0,19.12606384
12.25,0.8746869652,0.02360342373,-0.7499496063,0.007610594379,0.01330792468,-4.519613774e-05,0,0,19.1253276
12.3,0.8754144371,0.02383010373,-0.7499518162,0.007501743371,0.0131608939,-4.321417583e-05,0,0,19.12460041
12.35,0.8761329728,0.02405511541,-0.7499539292,0.007394466446,0.01301548679,-4.131912783e-05,0,0,19.12388216
12.4,0.8768426845,0.02427846471,-0.7499559495,0.007288740322,0.01287168548,-3.950718235e-05,0,0,19.12317273
12.45,0.8775436828,0.0245001577,-0.7499578812,0.007184542078,0.01272947227,-3.777469514e-05,0,0,19.12247201
12.5,0.8782360772,0.02472020056,-0.7499597282,0.007081849148,0.01258882966,-3.611818176e-05,0,0,19.1217799
12.55,0.8789199753,0.02493859961,-0.7499614942,0.006980639312,0.01244974034,-3.453431057e-05,0,0,19.12109629
12.6,0.8795954838,0.02515536128,-0.7499631828,0.006880890696,0.01231218719,-3.301989603e-05,0,0,19.12042106
12.65,0.8802627078,0.0253704921,-0.7499647973,0.006782581761,0.01217615329,-3.15718923e-05,0,0,19.11975412
12.7,0.8809217509,0.02558399872,-0.7499663411,0.006685691299,0.01204162187,-3.018738709e-05,0,0,19.11909537
12.75,0.8815727156,0.02579588789,-0.7499678171,0.00659019843,0.01190857638,-2.886359585e-05,0,0,19.11844469
12.8,0.882215703,0.02600616647,-0.7499692284,0.006496082591,0.01177700043,-2.759785611e-05,0,0,19.11780199
12.85,0.8828508129,0.0262148414,-0.7499705778,0.006403323536,0.01164687781,-2.638762217e-05,0,0,19.11716716
12.9,0.8834781438,0.02642191971,-0.749971868,0.006311901328,0.01151819251,-2.523045998e-05,0,0,19.11654012
12.95,0.8840977929,0.02662740853,-0.7499731017,0.006221796336,0.01139092865,-2.412404219e-05,0,0,19.11592075
13,0.8847098563,0.02683131507,-0.7499742812,0.006132989226,0.01126507057,-2.306614355e-05,0,0,19.11530897
13.05,0.8853144287,0.02703364662,-0.7499754091,0.006045460961,0.01114060276,-2.205463637e-05,0,0,19.11470469
13.1,0.8859116037,0.02723441054,-0.7499764875,0.005959192791,0.01101750987,-2.108748626e-05,0,0,19.1141078
13.15,0.8865014736,0.02743361428,-0.7499775185,0.005874166255,0.01089577674,-2.016274808e-05,0,0,19.11351821
13.2,0.8870841295,0.02763126533,-0.7499785044,0.005790363168,0.01077538837,-1.927856193e-05,0,0,19.11293584
13.25,0.8876596616,0.02782737128,-0.749979447,0.005707765625,0.01065632991,-1.843314953e-05,0,0,19.1123606
13.3,0.8882281585,0.02802193977,-0.7499803483,0.005626355988,0.01053858669,-1.762481054e-05,0,0,19.11179238
13.35,0.8887897081,0.02821497849,-0.7499812101,0.00554611689,0.0104221442,-1.685191921e-05,0,0,19.11123112
13.4,0.8893443969,0.02840649521,-0.7499820341,0.005467031223,0.01030698807,-1.611292106e-05,0,0,19.11067672
13.45,0.8898923104,0.02859649772,-0.7499828219,0.00538908214,0.01019310412,-1.54063298e-05,0,0,19.11012909
13.5,0.890433533,0.0287849939,-0.7499835752,0.005312253047,0.0100804783,-1.473072431e-05,0,0,19.10958815
13.55,0.890968148,0.02897199165,-0.7499842955,0.0052365276,0.009969096714,-1.408474579e-05,0,0,19.10905381
13.6,0.8914962376,0.02915749894,-0.7499849842,0.005161889701,0.009858945637,-1.346709501e-05,0,0,19.10852601
13.65,0.892017883,0.02934152376,-0.7499856427,0.005088323495,0.009750011482,-1.287652974e-05,0,0,19.10800464
13.7,0.8925331644,0.02952407415,-0.7499862723,0.005015813365,0.009642280814,-1.231186221e-05,0,0,19.10748965
13.75,0.8930421609,0.02970515819,-0.7499868743,0.004944343928,0.009535740346,-1.177195674e-05,0,0,19.10698093
13.8,0.8935449507,0.029884784,-0.7499874499,0.004873900031,0.009430376937,-1.125572745e-05,0,0,19.10647842
13.85,0.8940416109,0.03006295972,-0.7499880002,0.00480446675,0.009326177592,-1.076213609e-05,0,0,19.10598204
13.9,0.8945322176,0.03023969353,-0.7499885264,0.004736029383,0.009223129456,-1.029018993e-05,0,0,19.10549171
13.95,0.895016846,0.03041499365,-0.7499890296,0.004668573447,0.009121219819,-9.838939767e-06,0,0,19.10500736
14,0.8954955703,0.03058886829,-0.7499895107,0.004602084679,0.009020436109,-9.407478035e-06,0,0,19.10452892
14.05,0.8959684639,0.03076132572,-0.7499899706,0.004536549025,0.008920765891,-8.994936963e-06,0,0,19.1040563
14.1,0.8964355991,0.03093237423,-0.7499904105,0.004471952644,0.008822196871,-8.600486832e-06,0,0,19.10358944
14.15,0.8968970472,0.0311020221,-0.749990831,0.004408281898,0.008724716887,-8.223334311e-06,0,0,19.10312827
14.2,0.8973528789,0.03127027766,-0.7499912331,0.004345523354,0.008628313912,-7.862720856e-06,0,0,19.10267272
14.25,0.8978031638,0.03143714923,-0.7499916175,0.004283663781,0.008532976052,-7.517921189e-06,0,0,19.1022227
14.3,0.8982479705,0.03160264518,-0.7499919851,0.00422269014,0.008438691543,-7.188241836e-06,0,0,19.10177817
14.35,0.8986873671,0.03176677385,-0.7499923366,0.00416258959,0.008345448752,-6.873019734e-06,0,0,19.10133905
14.4,0.8991214204,0.03192954362,-0.7499926726,0.004103349478,0.008253236173,-6.571620898e-06,0,0,19.10090527
14.45,0.8995501967,0.03209096286,-0.749992994,0.004044957342,0.008162042428,-6.283439143e-06,0,0,19.10047676
14.5,0.8999737613,0.03225103997,-0.7499933012,0.0039874009,0.008071856264,-6.007894867e-06,0,0,19.10005347
14.55,0.9003921786,0.03240978334,-0.749993595,0.003930668056,0.007982666551,-5.744433886e-06,0,0,19.09963532
14.6,0.9008055124,0.03256720135,-0.7499938758,0.003874746892,0.007894462283,-5.492526317e-06,0,0,19.09922225
14.65,0.9012138256,0.03272330242,-0.7499941444,0.003819625666,0.007807232576,-5.251665516e-06,0,0,19.09881421
14.7,0.9016171802,0.03287809493,-0.7499944012,0.003765292809,0.007720966664,-5.021367054e-06,0,0,19.09841112
14.75,0.9020156375,0.03303158729,-0.7499946467,0.003711736925,0.007635653901,-4.801167746e-06,0,0,19.09801293
14.8,0.902409258,0.03318378789,-0.7499948815,0.003658946785,0.007551283758,-4.59062472e-06,0,0,19.09761957
14.85,0.9027981015,0.03333470513,-0.7499951059,0.003606911324,0.007467845823,-4.389314525e-06,0,0,19.09723099
14.9,0.9031822271,0.03348434738,-0.7499953205,0.003555619644,0.007385329798,-4.196832276e-06,0,0,19.09684713
14.95,0.9035616929,0.03363272304,-0.7499955257,0.003505061005,0.007303725499,-4.012790849e-06,0,0,19.09646792
15,0.9039365565,0.03377984047,-0.7499957219,0.003455224826,0.007223022855,-3.836820091e-06,0,0,19.09609332
15.05,0.9043068746,0.03392570804,-0.7499959095,0.003406100681,0.007143211904,-3.668566084e-06,0,0,19.09572326
15.1,0.9046727035,0.0340703341,-0.7499960889,0.003357678298,0.007064282797,-3.507690429e-06,0,0,19.09535769
15.15,0.9050340983,0.034213727,-0.7499962604,0.003309947557,0.00698622579,-3.353869568e-06,0,0,19.09499655
15.2,0.9053911139,0.03435589507,-0.7499964244,0.003262898485,0.006909031251,-3.206794131e-06,0,0,19.09463979
15.25,0.9057438042,0.03449684663,-0.7499965812,0.003216521257,0.006832689651,-3.066168313e-06,0,0,19.09428736
15.3,0.9060922225,0.03463658997,-0.7499967311,0.003170806192,0.006757191566,-2.931709284e-06,0,0,19.09393919
15.35,0.9064364214,0.0347751334,-0.7499968745,0.003125743749,0.006682527679,-2.803146614e-06,0,0,19.09359525
15.4,0.906776453,0.03491248517,-0.7499970116,0.003081324529,0.006608688772,-2.680221734e-06,0,0,19.09325547
15.45,0.9071123686,0.03504865354,-0.7499971426,0.003037539272,0.006535665733,-2.562687412e-06,0,0,19.0929198
15.5,0.9074442187,0.03518364676,-0.7499972679,0.00299437885,0.006463449546,-2.45030726e-06,0,0,19.0925882
15.55,0.9077720535,0.03531747302,-0.7499973877,0.002951834271,0.006392031299,-2.342855254e-06,0,0,19.09226061
15.6,0.9080959224,0.03545014054,-0.7499975023,0.002909896674,0.006321402176,-2.240115283e-06,0,0,19.09193699
15.65,0.9084158742,0.03558165748,-0.7499976118,0.002868557329,0.006251553457,-2.141880713e-06,0,0,19.09161728
15.7,0.908731957,0.03571203199,-0.7499977165,0.002827807631,0.006182476522,-2.047953971e-06,0,0,19.09130144
15.75,0.9090442185,0.03584127221,-0.7499978167,0.002787639103,0.006114162843,-1.958146147e-06,0,0,19.09098943
15.8,0.9093527055,0.03596938625,-0.7499979124,0.002748043391,0.006046603987,-1.872276618e-06,0,0,19.09068118
15.85,0.9096574646,0.03609638218,-0.749998004,0.002709012263,0.005979791615,-1.790172679e-06,0,0,19.09037666
15.9,0.9099585414,0.03622226806,-0.7499980915,0.002670537606,0.00591371748,-1.711669199e-06,0,0,19.09007582
15.95,0.9102559812,0.03634705192,-0.7499981752,0.002632611428,0.005848373425,-1.636608291e-06,0,0,19.08977862
16,0.9105498288,0.03647074178,-0.7499982552,0.002595225851,0.005783751383,-1.564838988e-06,0,0,19.08948501
16.05,0.9108401281,0.03659334559,-0.7499983317,0.002558373113,0.005719843378,-1.496216946e-06,0,0,19.08919495
16.1,0.9111269228,0.03671487133,-0.7499984049,0.002522045565,0.00565664152,-1.430604149e-06,0,0,19.08890839
16.15,0.9114102558,0.0368353269,-0.7499984748,0.002486235669,0.005594138008,-1.367868635e-06,0,0,19.08862528
16.2,0.9116901697,0.03695472021,-0.7499985417,0.002450935997,0.005532325125,-1.307884228e-06,0,0,19.0883456
16.25,0.9119667064,0.0370730591,-0.7499986057,0.002416139229,0.00547119524,-1.250530285e-06,0,0,19.0880693
16.3,0.9122399072,0.03719035143,-0.7499986668,0.002381838151,0.005410740809,-1.195691453e-06,0,0,19.08779632
16.35,0.9125098131,0.03730660499,-0.7499987253,0.002348025656,0.005350954367,-1.143257439e-06,0,0,19.08752664
16.4,0.9127764645,0.03742182754,-0.7499987812,0.002314694736,0.005291828534,-1.093122786e-06,0,0,19.08726022
16.45,0.9130399012,0.03753602684,-0.7499988346,0.00228183849,0.005233356011,-1.04518666e-06,0,0,19.08699701
16.5,0.9133001627,0.0376492106,-0.7499988857,0.002249450113,0.005175529579,-9.993526521e-07,0,0,19.08673697
16.55,0.9135572878,0.03776138647,-0.7499989346,0.0022175229,0.005118342101,-9.555285779e-07,0,0,19.08648007
16.6,0.9138113149,0.03787256212,-0.7499989813,0.002186050245,0.005061786515,-9.136262973e-07,0,0,19.08622626
16.65,0.914062282,0.03798274515,-0.749999026,0.002155025637,0.005005855841,-8.735615349e-07,0,0,19.08597551
16.7,0.9143102265,0.03809194313,-0.7499990687,0.002124442657,0.004950543174,-8.352537109e-07,0,0,19.08572779
16.75,0.9145551853,0.0382001636,-0.7499991095,0.002094294981,0.004895841685,-7.986257794e-07,0,0,19.08548304
16.8,0.9147971951,0.03830741408,-0.7499991486,0.002064576379,0.004841744621,-7.636040728e-07,0,0,19.08524125
16.85,0.9150362919,0.03841370203,-0.7499991859,0.002035280706,0.004788245304,-7.301181542e-07,0,0,19.08500237
16.9,0.9152725113,0.0385190349,-0.7499992216,0.002006401911,0.004735337129,-6.981006757e-07,0,0,19.08476636
16.95,0.9155058886,0.03862342007,-0.7499992558,0.001977934027,0.004683013565,-6.674872423e-07,0,0,19.08453319
17,0.9157364583,0.03872686493,-0.7499992884,0.001949871175,0.004631268151,-6.382162835e-07,0,0,19.08430284
17.05,0.9159642549,0.0388293768,-0.7499993196,0.00192220756,0.004580094501,-6.102289282e-07,0,0,19.08407525
17.1,0.9161893122,0.03893096296,-0.7499993494,0.001894937474,0.004529486297,-5.834688873e-07,0,0,19.0838504
17.15,0.9164116636,0.03903163069,-0.749999378,0.001868055286,0.00447943729,-5.578823401e-07,0,0,19.08362825
17.2,0.9166313423,0.03913138719,-0.7499994052,0.001841555452,0.004429941302,-5.334178261e-07,0,0,19.08340878
17.25,0.9168483808,0.03923023965,-0.7499994313,0.001815432504,0.004380992223,-5.100261411e-07,0,0,19.08319194
17.3,0.9170628115,0.03932819522,-0.7499994563,0.001789681055,0.004332584009,-4.876602392e-07,0,0,19.08297771
17.35,0.917274666,0.039425261,-0.7499994801,0.001764295796,0.004284710684,-4.662751371e-07,0,0,19.08276606
17.4,0.9174839758,0.03952144406,-0.7499995029,0.001739271492,0.004237366339,-4.458278244e-07,0,0,19.08255695
17.45,0.917690772,0.03961675143,-0.7499995247,0.001714602988,0.004190545128,-4.262771767e-07,0,0,19.08235035
17.5,0.9178950853,0.03971119012,-0.7499995455,0.001690285198,0.004144241271,-4.07583873e-07,0,0,19.08214624
17.55,0.9180969458,0.03980476706,-0.7499995655,0.001666313115,0.004098449051,-3.897103168e-07,0,0,19.08194457
17.6,0.9182963835,0.03989748918,-0.7499995845,0.0016426818,0.004053162816,-3.726205599e-07,0,0,19.08174533
17.65,0.918493428,0.03998936337,-0.7499996027,0.001619386387,0.004008376975,-3.56280231e-07,0,0,19.08154848
17.7,0.9186881083,0.04008039644,-0.7499996202,0.001596422079,0.003964085997,-3.406564657e-07,0,0,19.08135399
17.75,0.9188804534,0.04017059522,-0.7499996368,0.001573784149,0.003920284416,-3.25717841e-07,0,0,19.08116183
17.8,0.9190704915,0.04025996645,-0.7499996528,0.001551467939,0.003876966825,-3.114343118e-07,0,0,19.08097198
17.85,0.9192582509,0.04034851686,-0.749999668,0.001529468856,0.003834127874,-2.977771505e-07,0,0,19.08078441
17.9,0.9194437592,0.04043625314,-0.7499996825,0.001507782374,0.003791762275,-2.847188893e-07,0,0,19.08059909
17.95,0.9196270439,0.04052318192,-0.7499996965,0.001486404032,0.003749864799,-2.722332651e-07,0,0,19.08041599
18,0.9198081319,0.04060930981,-0.7499997098,0.001465329435,0.003708430272,-2.602951662e-07,0,0,19.08023508
18.05,0.9199870502,0.04069464339,-0.7499997225,0.001444554248,0.00366745358,-2.488805823e-07,0,0,19.08005635
18.1,0.9201638249,0.04077918916,-0.7499997347,0.001424074201,0.003626929663,-2.379665561e-07,0,0,19.07987975
18.15,0.9203384823,0.04086295362,-0.7499997463,0.001403885084,0.003586853518,-2.275311367e-07,0,0,19.07970528
18.2,0.920511048,0.04094594322,-0.7499997574,0.001383982748,0.003547220199,-2.175533362e-07,0,0,19.07953289
18.25,0.9206815474,0.04102816436,-0.7499997681,0.001364363103,0.003508024811,-2.080130868e-07,0,0,19.07936257
18.3,0.9208500057,0.04110962341,-0.7499997782,0.001345022119,0.003469262516,-1.988912008e-07,0,0,19.07919428
18.35,0.9210164477,0.04119032669,-0.749999788,0.001325955824,0.003430928529,-1.90169332e-07,0,0,19.07902802
18.4,0.9211808979,0.0412702805,-0.7499997973,0.0013071603,0.003393018116,-1.818299386e-07,0,0,19.07886374
18.45,0.9213433804,0.04134949108,-0.7499998062,0.00128863169,0.003355526599,-1.738562482e-07,0,0,19.07870143
18.5,0.9215039192,0.04142796464,-0.7499998147,0.001270366188,0.003318449347,-1.662322237e-07,0,0,19.07854106
18.55,0.9216625379,0.04150570735,-0.7499998228,0.001252360046,0.003281781784,-1.589425314e-07,0,0,19.07838261
18.6,0.9218192597,0.04158272534,-0.7499998306,0.001234609567,0.003245519382,-1.519725101e-07,0,0,19.07822606
18.65,0.9219741077,0.0416590247,-0.749999838,0.001217111109,0.003209657665,-1.453081414e-07,0,0,19.07807138
18.7,0.9221271046,0.04173461147,-0.7499998451,0.001199861082,0.003174192206,-1.389360216e-07,0,0,19.07791854
18.75,0.9222782728,0.04180949167,-0.7499998519,0.001182855946,0.003139118626,-1.32843335e-07,0,0,19.07776754
18.8,0.9224276346,0.04188367127,-0.7499998584,0.001166092214,0.003104432595,-1.270178277e-07,0,0,19.07761834
18.85,0.9225752119,0.04195715619,-0.7499998646,0.001149566448,0.00307012983,-1.214477833e-07,0,0,19.07747093
18.9,0.9227210262,0.04202995234,-0.7499998705,0.001133275258,0.003036206098,-1.16121999e-07,0,0,19.07732527
18.95,0.922865099,0.04210206556,-0.7499998762,0.001117215305,0.003002657209,-1.110297634e-07,0,0,19.07718136
19,0.9230074514,0.04217350167,-0.7499998816,0.001101383295,0.002969479021,-1.06160835e-07,0,0,19.07703917
19.05,0.9231481041,0.04224426643,-0.7499998868,0.001085775984,0.00293666744,-1.01505421e-07,0,0,19.07689867
19.1,0.9232870778,0.04231436559,-0.7499998918,0.001070390173,0.002904218413,-9.705415838e-08,0,0,19.07675985
19.15,0.9234243929,0.04238380484,-0.7499998965,0.001055222708,0.002872127935,-9.27980946e-08,0,0,19.07662269
19.2,0.9235600693,0.04245258983,-0.7499999011,0.001040270483,0.002840392045,-8.872866968e-08,0,0,19.07648717
19.25,0.923694127,0.04252072619,-0.7499999054,0.001025530434,0.002809006823,-8.483769907e-08,0,0,19.07635326
19.3,0.9238265855,0.04258821949,-0.7499999096,0.00101099954,0.002777968395,-8.11173571e-08,0,0,19.07622095
19.35,0.9239574642,0.04265507526,-0.7499999135,0.0009966748272,0.00274727293,-7.756016129e-08,0,0,19.07609023
19.4,0.9240867822,0.04272129902,-0.7499999173,0.0009825533605,0.002716916637,-7.415895727e-08,0,0,19.07596106
19.45,0.9242145583,0.04278689622,-0.7499999209,0.0009686322484,0.002686895769,-7.090690442e-08,0,0,19.07583343
19.5,0.9243408113,0.04285187228,-0.7499999244,0.0009549086406,0.00265720662,-6.779746209e-08,0,0,19.07570732
19.55,0.9244655595,0.0429162326,-0.7499999277,0.0009413797277,0.002627845525,-6.482437646e-08,0,0,19.07558272
19.6,0.9245888212,0.04297998252,-0.7499999309,0.0009280427401,0.002598808858,-6.198166796e-08,0,0,19.0754596
19.65,0.9247106142,0.04304312734,-0.7499999339,0.0009148949482,0.002570093034,-5.926361923e-08,0,0,19.07533795
19.7,0.9248309564,0.04310567235,-0.7499999368,0.0009019336611,0.002541694509,-5.666476362e-08,0,0,19.07521775
19.75,0.9249498652,0.04316762276,-0.7499999396,0.0008891562265,0.002513609777,-5.417987423e-08,0,0,19.07509898
19.8,0.9250673581,0.04322898378,-0.7499999422,0.0008765600301,0.00248583537,-5.180395336e-08,0,0,19.07498163
19.85,0.925183452,0.04328976056,-0.7499999448,0.0008641424949,0.002458367859,-4.953222246e-08,0,0,19.07486567
19.9,0.9252981639,0.04334995823,-0.7499999472,0.0008519010806,0.002431203853,-4.736011256e-08,0,0,19.0747511
19.95,0.9254115104,0.04340958186,-0.7499999495,0.0008398332833,0.002404339999,-4.528325503e-08,0,0,19.07463788
20,0.9255235081,0.04346863651,-0.7499999517,0.0008279366348,0.00237777298,-4.329747281e-08,0,0,19.07452602
20.05,0.9256341733,0.04352712717,-0.7499999538,0.0008162087022,0.002351499516,-4.139877203e-08,0,0,19.07441549
20.1,0.9257435219,0.04358505882,-0.7499999559,0.0008046470875,0.002325516363,-3.958333396e-08,0,0,19.07430627
20.15,0.9258515699,0.0436424364,-0.7499999578,0.0007932494266,0.002299820314,-3.784750731e-08,0,0,19.07419836
20.2,0.9259583329,0.04369926479,-0.7499999597,0.0007820133893,0.002274408197,-3.618780094e-08,0,0,19.07409173
20.25,0.9260638265,0.04375554887,-0.7499999614,0.0007709366789,0.002249276873,-3.460087677e-08,0,0,19.07398636
20.3,0.926168066,0.04381129346,-0.7499999631,0.0007600170311,0.00222442324,-3.308354314e-08,0,0,19.07388225
20.35,0.9262710664,0.04386650334,-0.7499999647,0.0007492522142,0.002199844231,-3.163274833e-08,0,0,19.07377938
20.4,0.9263728428,0.04392118326,-0.7499999663,0.0007386400281,0.002175536809,-3.024557443e-08,0,0,19.07367773
20.45,0.9264734098,0.04397533795,-0.7499999678,0.0007281783043,0.002151497976,-2.891923153e-08,0,0,19.07357728
20.5,0.926572782,0.04402897208,-0.7499999692,0.0007178649052,0.002127724762,-2.765105203e-08,0,0,19.07347804
20.55,0.9266709739,0.04408209029,-0.7499999705,0.0007076977236,0.002104214232,-2.643848533e-08,0,0,19.07337997
20.6,0.9267679996,0.04413469721,-0.7499999718,0.0006976746823,0.002080963485,-2.527909265e-08,0,0,19.07328306
20.65,0.9268638732,0.04418679739,-0.749999973,0.0006877937341,0.002057969649,-2.417054221e-08,0,0,19.07318731
20.7,0.9269586085,0.04423839538,-0.7499999742,0.0006780528605,0.002035229887,-2.311060442e-08,0,0,19.0730927
20.75,0.9270522192,0.04428949568,-0.7499999754,0.000668450072,0.00201274139,-2.209714752e-08,0,0,19.0729992
20.8,0.927144719,0.04434010277,-0.7499999764,0.0006589834076,0.001990501381,-2.11281332e-08,0,0,19.07290682
20.85,0.927236121,0.04439022107,-0.7499999775,0.0006496509341,0.001968507117,-2.020161254e-08,0,0,19.07281554
20.9,0.9273264386,0.04443985498,-0.7499999785,0.0006404507457,0.00194675588,-1.93157221e-08,0,0,19.07272533
20.95,0.9274156848,0.04448900888,-0.7499999794,0.0006313809642,0.001925244986,-1.846868013e-08,0,0,19.0726362
21,0.9275038725,0.04453768708,-0.7499999803,0.0006224397376,0.001903971779,-1.765878304e-08,0,0,19.07254813
21.05,0.9275910144,0.0445858939,-0.7499999812,0.0006136252409,0.001882933633,-1.688440193e-08,0,0,19.0724611
21.1,0.927677123,0.04463363359,-0.749999982,0.0006049356745,0.00186212795,-1.614397933e-08,0,0,19.0723751
21.15,0.9277622108,0.04468091037,-0.7499999828,0.0005963692649,0.001841552161,-1.54360261e-08,0,0,19.07229013
21.2,0.9278462901,0.04472772846,-0.7499999835,0.0005879242637,0.001821203727,-1.475911835e-08,0,0,19.07220616
21.25,0.9279293729,0.04477409201,-0.7499999843,0.0005795989473,0.001801080135,-1.411189467e-08,0,0,19.07212318
21.3,0.9280114713,0.04482000515,-0.749999985,0.0005713916168,0.001781178901,-1.349305335e-08,0,0,19.07204119
21.35,0.928092597,0.04486547199,-0.7499999856,0.0005633005975,0.001761497568,-1.290134974e-08,0,0,19.07196017
21.4,0.9281727617,0.04491049657,-0.7499999862,0.0005553242384,0.001742033706,-1.233559379e-08,0,0,19.07188012
21.45,0.928251977,0.04495508294,-0.7499999868,0.000547460912,0.001722784912,-1.179464763e-08,0,0,19.07180101
21.5,0.9283302543,0.0449992351,-0.7499999874,0.0005397090143,0.00170374881,-1.12774233e-08,0,0,19.07172283
21.55,0.9284076048,0.04504295701,-0.749999988,0.0005320669637,0.001684923049,-1.078288052e-08,0,0,19.07164559
21.6,0.9284840396,0.0450862526,-0.7499999885,0.0005245332014,0.001666305306,-1.031002466e-08,0,0,19.07156925
21.65,0.9285595697,0.04512912579,-0.749999989,0.0005171061906,0.001647893281,-9.8579047e-09,0,0,19.07149383
21.7,0.9286342061,0.04517158044,-0.7499999895,0.0005097844166,0.001629684702,-9.425611309e-09,0,0,19.07141929
21.75,0.9287079593,0.0452136204,-0.74999999,0.0005025663861,0.001611677321,-9.012275048e-09,0,0,19.07134564
21.8,0.92878084,0.04525524947,-0.7499999904,0.0004954506269,0.001593868914,-8.6170646e-09,0,0,19.07127285
21.85,0.9288528586,0.04529647144,-0.7499999908,0.0004884356882,0.001576257283,-8.239185102e-09,0,0,19.07120093
21.9,0.9289240255,0.04533729004,-0.7499999912,0.0004815201393,0.001558840254,-7.877876551e-09,0,0,19.07112986
21.95,0.9289943509,0.045377709,-0.7499999916,0.0004747025703,0.001541615676,-7.532412269e-09,0,0,19.07105964
22,0.9290638448,0.045417732,-0.749999992,0.0004679815911,0.001524581423,-7.202097447e-09,0,0,19.07099024
22.05,0.9291325172,0.0454573627,-0.7499999923,0.0004613558315,0.001507735392,-6.886267743e-09,0,0,19.07092166
22.1,0.929200378,0.04549660472,-0.7499999927,0.0004548239406,0.001491075503,-6.584287949e-09,0,0,19.07085389
22.15,0.9292674369,0.04553546167,-0.749999993,0.0004483845869,0.0014745997,-6.295550712e-09,0,0,19.07078693
22.2,0.9293337034,0.0455739371,-0.7499999933,0.0004420364579,0.001458305947,-6.019475314e-09,0,0,19.07072075
22.25,0.9293991871,0.04561203455,-0.7499999936,0.0004357782595,0.001442192234,-5.755506502e-09,0,0,19.07065536
22.3,0.9294638974,0.04564975753,-0.7499999939,0.0004296087162,0.001426256572,-5.503113372e-09,0,0,19.07059074
22.35,0.9295278434,0.04568710951,-0.7499999941,0.0004235265706,0.001410496992,-5.261788302e-09,0,0,19.07052688
22.4,0.9295910343,0.04572409395,-0.7499999944,0.0004175305831,0.001394911549,-5.031045931e-09,0,0,19.07046378
22.45,0.9296534792,0.04576071427,-0.7499999946,0.0004116195319,0.00137949832,-4.810422181e-09,0,0,19.07040142
22.5,0.929715187,0.04579697385,-0.7499999949,0.0004057922123,0.0013642554,-4.599473325e-09,0,0,19.0703398
22.55,0.9297761664,0.04583287607,-0.7499999951,0.0004000474369,0.001349180909,-4.397775096e-09,0,0,19.07027891
22.6,0.9298364263,0.04586842424,-0.7499999953,0.0003943840353,0.001334272986,-4.204921831e-09,0,0,19.07021874
22.65,0.9298959751,0.04590362169,-0.7499999955,0.0003888008534,0.001319529789,-4.020525657e-09,0,0,19.07015927
22.7,0.9299548215,0.04593847168,-0.7499999957,0.0003832967537,0.001304949498,-3.844215708e-09,0,0,19.07010051
22.75,0.9300129737,0.04597297748,-0.7499999959,0.000377870615,0.001290530314,-3.675637385e-09,0,0,19.07004244
22.8,0.9300704401,0.0460071423,-0.7499999961,0.0003725213317,0.001276270457,-3.514451637e-09,0,0,19.06998506
22.85,0.9301272289,0.04604096933,-0.7499999963,0.0003672478142,0.001262168165,-3.36033428e-09,0,0,19.06992835
22.9,0.9301833482,0.04607446175,-0.7499999964,0.0003620489882,0.001248221698,-3.212975349e-09,0,0,19.06987231
22.95,0.9302388059,0.0461076227,-0.7499999966,0.0003569237948,0.001234429335,-3.07207847e-09,0,0,19.06981693
23,0.93029361,0.0461404553,-0.7499999967,0.0003518711901,0.001220789371,-2.937360266e-09,0,0,19.06976221
23.05,0.9303477683,0.04617296262,-0.7499999969,0.0003468901449,0.001207300124,-2.808549786e-09,0,0,19.06970813
23.1,0.9304012884,0.04620514774,-0.749999997,0.0003419796448,0.001193959928,-2.685387964e-09,0,0,19.06965469
23.15,0.930454178,0.04623701369,-0.7499999971,0.0003371386898,0.001180767135,-2.56762709e-09,0,0,19.06960188
23.2,0.9305064446,0.04626856348,-0.7499999973,0.0003323662939,0.001167720118,-2.455030321e-09,0,0,19.06954969
23.25,0.9305580957,0.04629980009,-0.7499999974,0.0003276614852,0.001154817265,-2.347371197e-09,0,0,19.06949811
23.3,0.9306091385,0.04633072648,-0.7499999975,0.0003230233058,0.001142056984,-2.244433191e-09,0,0,19.06944714
23.35,0.9306595804,0.04636134558,-0.7499999976,0.0003184508112,0.001129437699,-2.14600927e-09,0,0,19.06939678
23.4,0.9307094284,0.0463916603,-0.7499999977,0.0003139430704,0.001116957852,-2.05190148e-09,0,0,19.069347
23.45,0.9307586898,0.04642167352,-0.7499999978,0.0003094991654,0.001104615903,-1.961920549e-09,0,0,19.06929781
23.5,0.9308073714,0.0464513881,-0.7499999979,0.0003051181916,0.001092410327,-1.875885502e-09,0,0,19.0692492
23.55,0.9308554801,0.04648080687,-0.749999998,0.000300799257,0.001080339618,-1.793623305e-09,0,0,19.06920117
23.6,0.9309030229,0.04650993264,-0.7499999981,0.0002965414823,0.001068402286,-1.714968507e-09,0,0,19.0691537
23.65,0.9309500064,0.04653876819,-0.7499999982,0.0002923440007,0.001056596857,-1.639762916e-09,0,0,19.06910678
23.7,0.9309964373,0.04656731627,-0.7499999983,0.0002882059577,0.001044921873,-1.567855275e-09,0,0,19.06906042
23.75,0.9310423222,0.04659557963,-0.7499999983,0.000284126511,0.001033375893,-1.499100961e-09,0,0,19.06901461
23.8,0.9310876676,0.04662356097,-0.7499999984,0.0002801048301,0.001021957492,-1.433361693e-09,0,0,19.06896933
23.85,0.9311324799,0.04665126298,-0.7499999985,0.0002761400965,0.001010665259,-1.370505254e-09,0,0,19.06892459
23.9,0.9311767654,0.04667868833,-0.7499999985,0.0002722315031,0.0009994978017,-1.310405225e-09,0,0,19.06888037
23.95,0.9312205305,0.04670583964,-0.7499999986,0.0002683782543,0.0009884537401,-1.25294073e-09,0,0,19.06883667
24,0.9312637813,0.04673271955,-0.7499999987,0.0002645795661,0.0009775317111,-1.197996194e-09,0,0,19.06879348
24.05,0.9313065239,0.04675933064,-0.7499999987,0.0002608346651,0.0009667303662,-1.145461111e-09,0,0,19.06875081
24.1,0.9313487643,0.04678567549,-0.7499999988,0.0002571427892,0.000956048372,-1.095229822e-09,0,0,19.06870863
24.15,0.9313905087,0.04681175664,-0.7499999988,0.0002535031872,0.0009454844097,-1.047201298e-09,0,0,19.06866695
24.2,0.9314317627,0.04683757661,-0.7499999989,0.0002499151183,0.0009350371751,-1.001278943e-09,0,0,19.06862576
24.25,0.9314725324,0.04686313791,-0.7499999989,0.0002463778524,0.0009247053783,-9.573703958e-10,0,0,19.06858505
24.3,0.9315128233,0.04688844303,-0.749999999,0.0002428906697,0.0009144877439,-9.15387347e-10,0,0,19.06854482
24.35,0.9315526413,0.04691349441,-0.749999999,0.0002394528605,0.0009043830103,-8.752453582e-10,0,0,19.06850507
24.4,0.9315919919,0.0469382945,-0.7499999991,0.0002360637253,0.0008943899301,-8.368636944e-10,0,0,19.06846578
24.45,0.9316308807,0.04696284571,-0.7499999991,0.0002327225746,0.0008845072696,-8.001651611e-10,0,0,19.06842695
24.5,0.9316693132,0.04698715043,-0.7499999991,0.0002294287284,0.0008747338086,-7.650759488e-10,0,0,19.06838858
24.55,0.9317072948,0.04701121104,-0.7499999992,0.0002261815167,0.0008650683406,-7.315254849e-10,0,0,19.06835066
24.6,0.9317448309,0.04703502989,-0.7499999992,0.0002229802788,0.0008555096722,-6.994462914e-10,0,0,19.06831318
24.65,0.9317819267,0.04705860931,-0.7499999993,0.0002198243633,0.0008460566233,-6.687738495e-10,0,0,19.06827614
24.7,0.9318185874,0.0470819516,-0.7499999993,0.0002167131282,0.000836708027,-6.394464698e-10,0,0,19.06823954
24.75,0.9318548183,0.04710505905,-0.7499999993,0.0002136459406,0.0008274627291,-6.114051678e-10,0,0,19.06820336
24.8,0.9318906244,0.04712793394,-0.7499999993,0.0002106221765,0.000818319588,-5.845935459e-10,0,0,19.06816762
24.85,0.9319260108,0.04715057851,-0.7499999994,0.0002076412206,0.0008092774752,-5.589576797e-10,0,0,19.06813228
24.9,0.9319609824,0.04717299498,-0.7499999994,0.0002047024668,0.0008003352741,-5.344460093e-10,0,0,19.06809737
24.95,0.9319955442,0.04719518557,-0.7499999994,0.000201805317,0.0007914918809,-5.11009236e-10,0,0,19.06806286
25,0.9320297011,0.04721715246,-0.7499999995,0.0001989491821,0.0007827462038,-4.88600223e-10,0,0,19.06802876
25.05,0.9320634577,0.04723889781,-0.7499999995,0.000196133481,0.0007740971629,-4.671739003e-10,0,0,19.06799506
25.1,0.932096819,0.04726042378,-0.7499999995,0.000193357641,0.0007655436906,-4.466871746e-10,0,0,19.06796175
25.15,0.9321297895,0.04728173249,-0.7499999995,0.0001906210975,0.0007570847309,-4.270988423e-10,0,0,19.06792883
25.2,0.9321623739,0.04730282605,-0.7499999995,0.0001879232939,0.0007487192393,-4.083695066e-10,0,0,19.0678963
25.25,0.9321945767,0.04732370656,-0.7499999996,0.0001852636816,0.0007404461832,-3.904614983e-10,0,0,19.06786415
25.3,0.9322264026,0.04734437607,-0.7499999996,0.0001826417194,0.0007322645411,-3.733388003e-10,0,0,19.06783237
25.35,0.9322578559,0.04736483665,-0.7499999996,0.0001800568743,0.000724173303,-3.569669748e-10,0,0,19.06780097
25.4,0.9322889411,0.04738509033,-0.7499999996,0.0001775086205,0.00071617147,-3.413130941e-10,0,0,19.06776994
25.45,0.9323196625,0.04740513911,-0.7499999996,0.0001749964397,0.000708258054,-3.263456746e-10,0,0,19.06773927
25.5,0.9323500244,0.04742498501,-0.7499999997,0.0001725198211,0.0007004320782,-3.120346134e-10,0,0,19.06770895
25.55,0.9323800311,0.04744462998,-0.7499999997,0.000170078261,0.0006926925765,-2.983511274e-10,0,0,19.067679
25.6,0.9324096868,0.04746407601,-0.7499999997,0.0001676712628,0.0006850385931,-2.852676959e-10,0,0,19.06764939
25.65,0.9324389957,0.04748332502,-0.7499999997,0.0001652983372,0.0006774691834,-2.727580051e-10,0,0,19.06762013
25.7,0.9324679618,0.04750237894,-0.7499999997,0.0001629590015,0.0006699834126,-2.607968951e-10,0,0,19.06759121
25.75,0.9324965892,0.04752123967,-0.7499999997,0.00016065278,0.0006625803567,-2.493603092e-10,0,0,19.06756263
25.8,0.932524882,0.04753990911,-0.7499999997,0.0001583792039,0.0006552591017,-2.384252457e-10,0,0,19.06753438
25.85,0.932552844,0.04755838913,-0.7499999997,0.0001561378108,0.0006480187438,-2.279697117e-10,0,0,19.06750647
25.9,0.9325804792,0.04757668158,-0.7499999998,0.0001539281449,0.0006408583889,-2.179726786e-10,0,0,19.06747888
25.95,0.9326077914,0.0475947883,-0.7499999998,0.0001517497569,0.0006337771532,-2.0841404e-10,0,0,19.06745161
26,0.9326347845,0.0476127111,-0.7499999998,0.000149602204,0.0006267741624,-1.992745712e-10,0,0,19.06742466
26.05,0.9326614622,0.0476304518,-0.7499999998,0.0001474850494,0.0006198485519,-1.905358907e-10,0,0,19.06739803
26.1,0.9326878283,0.04764801217,-0.7499999998,0.0001453978627,0.0006129994667,-1.821804228e-10,0,0,19.06737171
26.15,0.9327138865,0.04766539399,-0.7499999998,0.0001433402195,0.0006062260612,-1.741913627e-10,0,0,19.06734569
26.2,0.9327396403,0.04768259901,-0.7499999998,0.0001413117015,0.0005995274993,-1.665526426e-10,0,0,19.06731998
26.25,0.9327650934,0.04769962897,-0.7499999998,0.0001393118963,0.0005929029538,-1.592488992e-10,0,0,19.06729457
26.3,0.9327902493,0.0477164856,-0.7499999998,0.0001373403973,0.000586351607,-1.522654429e-10,0,0,19.06726946
26.35,0.9328151116,0.04773317058,-0.7499999998,0.0001353968036,0.00057987265,-1.455882284e-10,0,0,19.06724464
26.4,0.9328396837,0.04774968562,-0.7499999998,0.0001334807202,0.0005734652829,-1.392038261e-10,0,0,19.06722011
26.45,0.932863969,0.04776603239,-0.7499999999,0.0001315917575,0.0005671287148,-1.330993956e-10,0,0,19.06719586
26.5,0.9328879709,0.04778221254,-0.7499999999,0.0001297295315,0.0005608621633,-1.272626595e-10,0,0,19.0671719
26.55,0.9329116928,0.04779822773,-0.7499999999,0.0001278936637,0.0005546648547,-1.216818785e-10,0,0,19.06714822
26.6,0.932935138,0.04781407957,-0.7499999999,0.0001260837807,0.000548536024,-1.163458286e-10,0,0,19.06712481
26.65,0.9329583096,0.04782976967,-0.7499999999,0.0001242995147,0.0005424749145,-1.112437776e-10,0,0,19.06710168
26.7,0.9329812111,0.04784529964,-0.7499999999,0.000122540503,0.0005364807779,-1.06365464e-10,0,0,19.06707882
26.75,0.9330038455,0.04786067106,-0.7499999999,0.0001208063881,0.0005305528741,-1.017010766e-10,0,0,19.06705622
26.8,0.9330262159,0.0478758855,-0.7499999999,0.0001190968173,0.0005246904714,-9.724123399e-11,0,0,19.06703389
26.85,0.9330483256,0.0478909445,-0.7499999999,0.0001174114432,0.0005188928459,-9.297696647e-11,0,0,19.06701182
26.9,0.9330701776,0.0479058496,-0.7499999999,0.0001157499233,0.000513159282,-8.889969759e-11,0,0,19.06699
26.95,0.9330917748,0.04792060233,-0.7499999999,0.0001141119197,0.0005074890717,-8.500122698e-11,0,0,19.06696844
27,0.9331131204,0.0479352042,-0.7499999999,0.0001124970996,0.000501881515,-8.127371391e-11,0,0,19.06694714
27.05,0.9331342173,0.0479496567,-0.7499999999,0.0001109051347,0.0004963359197,-7.770966147e-11,0,0,19.06692607
27.1,0.9331550684,0.04796396131,-0.7499999999,0.0001093357015,0.000490851601,-7.43019015e-11,0,0,19.06690526
27.15,0.9331756766,0.04797811951,-0.7499999999,0.0001077884808,0.0004854278819,-7.104358019e-11,0,0,19.06688469
27.2,0.9331960447,0.04799213273,-0.7499999999,0.0001062631584,0.0004800640927,-6.792814429e-11,0,0,19.06686435
27.25,0.9332161757,0.04800600243,-0.7499999999,0.000104759424,0.0004747595714,-6.494932793e-11,0,0,19.06684426
27.3,0.9332360722,0.04801973003,-0.7499999999,0.0001032769722,0.000469513663,-6.210114e-11,0,0,19.0668244
27.35,0.9332557371,0.04803331693,-0.7499999999,0.0001018155016,0.0004643257198,-5.937785212e-11,0,0,19.06680477
27.4,0.9332751731,0.04804676455,-0.7499999999,0.0001003747151,0.0004591951013,-5.677398712e-11,0,0,19.06678536
27.45,0.9332943829,0.04806007426,-0.7499999999,9.895432004e-05,0.0004541211742,-5.428430801e-11,0,0,19.06676619
27.5,0.933313369,0.04807324743,-0.7499999999,9.755402762e-05,0.000449103312,-5.190380746e-11,0,0,19.06674723
27.55,0.9333321343,0.04808628544,-0.7499999999,9.617355328e-05,0.0004441408953,-4.962769772e-11,0,0,19.0667285
27.6,0.9333506812,0.04809918961,-0.7499999999,9.481261647e-05,0.0004392333113,-4.745140099e-11,0,0,19.06670999
27.65,0.9333690123,0.0481119613,-0.7499999999,9.34709406e-05,0.0004343799542,-4.537054024e-11,0,0,19.06669169
27.7,0.9333871302,0.04812460181,-0.75,9.2148253e-05,0.0004295802248,-4.338093035e-11,0,0,19.0666736
27.75,0.9334050374,0.04813711246,-0.75,9.084428488e-05,0.0004248335305,-4.147856975e-11,0,0,19.06665573
27.8,0.9334227363,0.04814949454,-0.75,8.955877124e-05,0.0004201392854,-3.965963235e-11,0,0,19.06663806
27.85,0.9334402294,0.04816174933,-0.75,8.829145082e-05,0.0004154969099,-3.792045983e-11,0,0,19.0666206
27.9,0.9334575192,0.04817387812,-0.75,8.70420661e-05,0.0004109058308,-3.625755431e-11,0,0,19.06660334
27.95,0.9334746079,0.04818588215,-0.75,8.581036317e-05,0.0004063654813,-3.466757129e-11,0,0,19.06658628
28,0.933491498,0.04819776267,-0.75,8.459609174e-05,0.0004018753009,-3.314731294e-11,0,0,19.06656942
28.05,0.9335081919,0.04820952093,-0.75,8.339900504e-05,0.0003974347353,-3.169372166e-11,0,0,19.06655276
28.1,0.9335246917,0.04822115814,-0.75,8.221885982e-05,0.0003930432362,-3.030387394e-11,0,0,19.06653629
28.15,0.9335409998,0.04823267551,-0.75,8.105541627e-05,0.0003887002614,-2.897497446e-11,0,0,19.06652001
28.2,0.9335571185,0.04824407425,-0.75,7.990843795e-05,0.0003844052749,-2.770435049e-11,0,0,19.06650392
28.25,0.9335730499,0.04825535554,-0.75,7.877769181e-05,0.0003801577462,-2.648944652e-11,0,0,19.06648801
28.3,0.9335887963,0.04826652057,-0.75,7.766294808e-05,0.0003759571511,-2.532781907e-11,0,0,19.0664723
28.35,0.9336043599,0.04827757049,-0.75,7.656398022e-05,0.000371802971,-2.421713185e-11,0,0,19.06645676
28.4,0.9336197427,0.04828850646,-0.75,7.548056495e-05,0.0003676946929,-2.3155151e-11,0,0,19.06644141
28.45,0.9336349469,0.04829932963,-0.75,7.44124821e-05,0.0003636318097,-2.213974062e-11,0,0,19.06642623
28.5,0.9336499746,0.04831004113,-0.75,7.335951466e-05,0.0003596138197,-2.116885849e-11,0,0,19.06641123
28.55,0.9336648279,0.04832064208,-0.75,7.232144866e-05,0.000355640227,-2.024055193e-11,0,0,19.0663964
28.6,0.9336795088,0.04833113359,-0.75,7.129807319e-05,0.0003517105409,-1.935295389e-11,0,0,19.06638175
28.65,0.9336940193,0.04834151676,-0.75,7.028918029e-05,0.0003478242764,-1.850427922e-11,0,0,19.06636726
28.7,0.9337083615,0.04835179268,-0.75,6.929456498e-05,0.0003439809535,-1.769282102e-11,0,0,19.06635295
28.75,0.9337225372,0.04836196243,-0.75,6.831402517e-05,0.0003401800979,-1.691694726e-11,0,0,19.0663388
28.8,0.9337365486,0.04837202708,-0.75,6.734736162e-05,0.0003364212403,-1.617509747e-11,0,0,19.06632481
28.85,0.9337503974,0.04838198769,-0.75,6.639437792e-05,0.0003327039165,-1.546577963e-11,0,0,19.06631099
28.9,0.9337640856,0.04839184531,-0.75,6.545488045e-05,0.0003290276678,-1.478756711e-11,0,0,19.06629733
28.95,0.9337776151,0.04840160097,-0.75,6.452867833e-05,0.0003253920401,-1.413909589e-11,0,0,19.06628382
29,0.9337909877,0.0484112557,-0.75,6.361558336e-05,0.0003217965848,-1.351906173e-11,0,0,19.06627047
29.05,0.9338042053,0.04842081052,-0.75,6.271541002e-05,0.0003182408578,-1.292621759e-11,0,0,19.06625728
29.1,0.9338172696,0.04843026644,-0.75,6.182797544e-05,0.0003147244202,-1.235937112e-11,0,0,19.06624424
29.15,0.9338301826,0.04843962445,-0.75,6.095309929e-05,0.0003112468379,-1.181738227e-11,0,0,19.06623135
29.2,0.9338429459,0.04844888555,-0.75,6.009060384e-05,0.0003078076815,-1.129916096e-11,0,0,19.06621861
29.25,0.9338555613,0.04845805071,-0.75,5.924031385e-05,0.0003044065264,-1.080366494e-11,0,0,19.06620602
29.3,0.9338680305,0.04846712091,-0.75,5.840205657e-05,0.0003010429528,-1.032989763e-11,0,0,19.06619357
29.35,0.9338803553,0.0484760971,-0.75,5.757566168e-05,0.0002977165454,-9.876906188e-12,0,0,19.06618127
29.4,0.9338925374,0.04848498023,-0.75,5.676096131e-05,0.0002944268934,-9.443779536e-12,0,0,19.06616911
29.45,0.9339045783,0.04849377125,-0.75,5.595778992e-05,0.0002911735909,-9.029646553e-12,0,0,19.06615709
29.5,0.9339164798,0.04850247109,-0.75,5.516598434e-05,0.0002879562361,-8.633674321e-12,0,0,19.06614521
29.55,0.9339282435,0.04851108067,-0.75,5.438538372e-05,0.0002847744317,-8.255066447e-12,0,0,19.06613347
29.6,0.933939871,0.0485196009,-0.75,5.361582945e-05,0.0002816277851,-7.893061459e-12,0,0,19.06612187
29.65,0.9339513639,0.0485280327,-0.75,5.285716521e-05,0.0002785159077,-7.546931282e-12,0,0,19.06611039
29.7,0.9339627237,0.04853637695,-0.75,5.210923686e-05,0.0002754384154,-7.215979765e-12,0,0,19.06609906
29.75,0.9339739521,0.04854463455,-0.75,5.137189245e-05,0.0002723949281,-6.899541287e-12,0,0,19.06608785
29.8,0.9339850505,0.04855280637,-0.75,5.06449822e-05,0.0002693850702,-6.596979416e-12,0,0,19.06607677
29.85,0.9339960206,0.04856089328,-0.75,4.992835842e-05,0.0002664084701,-6.307685627e-12,0,0,19.06606582
29.9,0.9340068637,0.04856889615,-0.75,4.922187553e-05,0.0002634647602,-6.031078083e-12,0,0,19.066055
29.95,0.9340175814,0.04857681584,-0.75,4.852539002e-05,0.0002605535771,-5.766600461e-12,0,0,19.0660443
30,0.9340281751,0.04858465317,-0.75,4.783876038e-05,0.0002576745615,-5.513720834e-12,0,0,19.06603373
