x,y
8.000000000000000167e-02,1.998891352549889078e+01
2.399999999999999911e-01,1.995565410199556666e+01
4.000000000000000222e-01,1.988913525498891488e+01
5.600000000000000533e-01,1.982261640798226310e+01
7.199999999999999734e-01,1.975609756097561132e+01
8.800000000000000044e-01,1.965631929046563187e+01
1.040000000000000036e+00,1.952328159645232830e+01
1.199999999999999956e+00,1.939024390243902474e+01
1.360000000000000098e+00,1.922394678492239706e+01
1.520000000000000018e+00,1.905764966740576583e+01
1.679999999999999938e+00,1.889135254988913459e+01
1.840000000000000080e+00,1.872505543237250691e+01
2.000000000000000000e+00,1.855875831485587568e+01
2.160000000000000142e+00,1.835920177383592033e+01
2.319999999999999840e+00,1.815964523281596499e+01
2.479999999999999982e+00,1.796008869179600964e+01
2.640000000000000124e+00,1.776053215077605429e+01
2.800000000000000266e+00,1.756097560975609895e+01
2.959999999999999964e+00,1.736141906873614360e+01
3.120000000000000107e+00,1.716186252771618825e+01
3.280000000000000249e+00,1.696230598669623291e+01
3.439999999999999947e+00,1.676274944567627756e+01
3.600000000000000089e+00,1.656319290465631866e+01
3.760000000000000231e+00,1.636363636363636331e+01
3.919999999999999929e+00,1.616407982261640797e+01
4.080000000000000071e+00,1.596452328159645262e+01
4.240000000000000213e+00,1.576496674057649727e+01
4.400000000000000355e+00,1.556541019955654193e+01
4.560000000000000497e+00,1.536585365853658658e+01
4.719999999999999751e+00,1.516629711751663123e+01
4.879999999999999893e+00,1.496674057649667589e+01
5.040000000000000036e+00,1.476718403547671876e+01
5.200000000000000178e+00,1.456762749445676342e+01
5.360000000000000320e+00,1.433481152993348218e+01
5.520000000000000462e+00,1.413525498891352683e+01
5.679999999999999716e+00,1.396895787139689737e+01
5.839999999999999858e+00,1.370288248337029025e+01
6.000000000000000000e+00,1.350332594235033312e+01
6.160000000000000142e+00,1.330376940133037778e+01
6.320000000000000284e+00,1.310421286031042243e+01
6.480000000000000426e+00,1.290465631929046708e+01
6.640000000000000568e+00,1.270509977827051173e+01
6.799999999999999822e+00,1.250554323725055639e+01
6.959999999999999964e+00,1.230598669623059926e+01
7.120000000000000107e+00,1.210643015521064392e+01
7.280000000000000249e+00,1.190687361419068857e+01
7.440000000000000391e+00,1.170731707317073322e+01
7.600000000000000533e+00,1.150776053215077788e+01
7.759999999999999787e+00,1.124168514412417075e+01
7.919999999999999929e+00,1.107538802660753952e+01
8.080000000000000071e+00,1.087583148558758417e+01
8.240000000000000213e+00,1.064301552106430293e+01
8.400000000000000355e+00,1.044345898004434758e+01
8.560000000000000497e+00,1.024390243902439224e+01
8.720000000000000639e+00,1.004434589800443689e+01
8.880000000000000782e+00,9.844789356984479767e+00
9.040000000000000924e+00,9.645232815964524420e+00
9.200000000000001066e+00,9.445676274944569073e+00
9.359999999999999432e+00,9.246119733924613726e+00
9.519999999999999574e+00,9.046563192904658379e+00
9.679999999999999716e+00,8.780487804878051250e+00
9.839999999999999858e+00,8.580931263858094127e+00
1.000000000000000000e+01,8.381374722838138780e+00
1.016000000000000014e+01,8.181818181818183433e+00
1.032000000000000028e+01,7.982261640798228086e+00
1.048000000000000043e+01,7.782705099778271851e+00
1.064000000000000057e+01,7.583148558758316504e+00
1.080000000000000071e+01,7.383592017738361157e+00
1.096000000000000085e+01,7.184035476718404922e+00
1.112000000000000099e+01,6.951219512195123684e+00
1.127999999999999936e+01,6.751662971175168337e+00
1.143999999999999950e+01,6.518847006651886211e+00
1.159999999999999964e+01,6.352549889135256755e+00
1.175999999999999979e+01,6.152993348115301409e+00
1.191999999999999993e+01,5.920177383592019282e+00
1.208000000000000007e+01,5.753880266075389827e+00
1.224000000000000021e+01,5.554323725055434480e+00
1.240000000000000036e+01,5.321507760532152354e+00
1.256000000000000050e+01,5.121951219512197007e+00
1.272000000000000064e+01,4.922394678492241660e+00
1.288000000000000078e+01,4.722838137472285425e+00
1.304000000000000092e+01,4.523281596452330078e+00
1.320000000000000107e+01,4.323725055432374731e+00
1.335999999999999943e+01,4.090909090909092605e+00
1.351999999999999957e+01,3.891352549889137258e+00
1.367999999999999972e+01,3.691796008869181467e+00
1.383999999999999986e+01,3.492239467849226120e+00
1.400000000000000000e+01,3.292682926829270329e+00
1.416000000000000014e+01,3.159645232815966764e+00
1.432000000000000028e+01,2.960088691796010973e+00
1.448000000000000043e+01,2.860310421286033300e+00
1.464000000000000057e+01,2.727272727272729291e+00
1.480000000000000071e+01,2.627494456762751618e+00
1.496000000000000085e+01,2.527716186252773944e+00
1.512000000000000099e+01,2.461197339246121718e+00
1.528000000000000114e+01,2.361419068736144045e+00
1.543999999999999950e+01,2.294900221729492262e+00
1.559999999999999964e+01,2.228381374722840480e+00
1.575999999999999979e+01,2.195121951219514589e+00
1.591999999999999993e+01,2.128603104212862362e+00
1.608000000000000185e+01,2.095343680709536471e+00
1.624000000000000199e+01,2.028824833702884689e+00
1.639999999999999858e+01,2.028824833702884689e+00
1.655999999999999872e+01,1.962305986696232907e+00
1.671999999999999886e+01,1.962305986696232907e+00
1.687999999999999901e+01,1.929046563192906794e+00
1.703999999999999915e+01,1.895787139689580902e+00
1.719999999999999929e+01,1.895787139689580902e+00
1.735999999999999943e+01,1.895787139689580902e+00
1.751999999999999957e+01,1.862527716186255011e+00
1.767999999999999972e+01,1.829268292682929120e+00
1.783999999999999986e+01,1.829268292682929120e+00
1.800000000000000000e+01,1.829268292682929120e+00
1.816000000000000014e+01,1.829268292682929120e+00
1.832000000000000028e+01,1.829268292682929120e+00
1.848000000000000043e+01,1.829268292682929120e+00
1.864000000000000057e+01,1.829268292682929120e+00
1.880000000000000071e+01,1.829268292682929120e+00
1.896000000000000085e+01,1.862527716186255011e+00
1.912000000000000099e+01,1.895787139689580902e+00
1.928000000000000114e+01,1.895787139689580902e+00
1.944000000000000128e+01,1.895787139689580902e+00
1.960000000000000142e+01,1.895787139689580902e+00
1.976000000000000156e+01,1.929046563192906794e+00
1.992000000000000171e+01,1.962305986696232907e+00
2.008000000000000185e+01,1.962305986696232907e+00
2.024000000000000199e+01,1.962305986696232907e+00
2.040000000000000213e+01,2.028824833702884689e+00
2.055999999999999872e+01,2.028824833702884689e+00
2.071999999999999886e+01,2.028824833702884689e+00
2.087999999999999901e+01,2.095343680709536471e+00
2.103999999999999915e+01,2.095343680709536471e+00
2.119999999999999929e+01,2.128603104212862362e+00
2.135999999999999943e+01,2.161862527716188254e+00
2.151999999999999957e+01,2.161862527716188254e+00
2.167999999999999972e+01,2.228381374722840480e+00
2.183999999999999986e+01,2.228381374722840480e+00
2.200000000000000000e+01,2.261640798226166371e+00
2.216000000000000014e+01,2.294900221729492262e+00
2.232000000000000028e+01,2.328159645232818153e+00
2.248000000000000043e+01,2.361419068736144045e+00
2.264000000000000057e+01,2.361419068736144045e+00
2.280000000000000071e+01,2.427937915742795827e+00
2.296000000000000085e+01,2.427937915742795827e+00
2.312000000000000099e+01,2.494456762749448053e+00
2.328000000000000114e+01,2.494456762749448053e+00
2.344000000000000128e+01,2.560975609756099836e+00
2.360000000000000142e+01,2.560975609756099836e+00
2.376000000000000156e+01,2.627494456762751618e+00
2.392000000000000171e+01,2.627494456762751618e+00
2.408000000000000185e+01,2.694013303769403400e+00
2.424000000000000199e+01,2.694013303769403400e+00
2.440000000000000213e+01,2.760532150776055182e+00
2.456000000000000227e+01,2.760532150776055182e+00
2.471999999999999886e+01,2.827050997782707409e+00
2.487999999999999901e+01,2.827050997782707409e+00
2.503999999999999915e+01,2.893569844789359191e+00
2.519999999999999929e+01,2.893569844789359191e+00
2.535999999999999943e+01,2.960088691796010973e+00
2.551999999999999957e+01,2.960088691796010973e+00
2.567999999999999972e+01,3.026607538802662756e+00
2.583999999999999986e+01,3.026607538802662756e+00
2.600000000000000000e+01,3.093126385809314982e+00
2.616000000000000014e+01,3.126385809312640873e+00
2.632000000000000028e+01,3.159645232815966764e+00
2.648000000000000043e+01,3.192904656319292656e+00
2.664000000000000057e+01,3.226164079822618547e+00
2.680000000000000071e+01,3.259423503325944438e+00
2.696000000000000085e+01,3.292682926829270329e+00
2.712000000000000099e+01,3.325942350332596220e+00
2.728000000000000114e+01,3.359201773835922111e+00
2.744000000000000128e+01,3.392461197339248002e+00
2.760000000000000142e+01,3.425720620842574338e+00
2.776000000000000156e+01,3.492239467849226120e+00
2.792000000000000171e+01,3.492239467849226120e+00
2.808000000000000185e+01,3.558758314855877902e+00
2.824000000000000199e+01,3.558758314855877902e+00
2.840000000000000213e+01,3.625277161862529685e+00
2.856000000000000227e+01,3.658536585365855576e+00
2.871999999999999886e+01,3.691796008869181467e+00
2.887999999999999901e+01,3.725055432372507802e+00
2.903999999999999915e+01,3.758314855875833693e+00
2.919999999999999929e+01,3.791574279379159584e+00
2.935999999999999943e+01,3.824833702882485476e+00
2.951999999999999957e+01,3.858093126385811367e+00
2.967999999999999972e+01,3.891352549889137258e+00
2.983999999999999986e+01,3.957871396895789040e+00
3.000000000000000000e+01,3.957871396895789040e+00
3.016000000000000014e+01,4.024390243902440822e+00
3.032000000000000028e+01,4.057649667405766714e+00
3.048000000000000043e+01,4.090909090909092605e+00
3.064000000000000057e+01,4.124168514412418496e+00
3.080000000000000071e+01,4.157427937915745275e+00
3.096000000000000085e+01,4.190687361419071166e+00
3.112000000000000099e+01,4.223946784922397057e+00
3.128000000000000114e+01,4.257206208425722949e+00
3.144000000000000128e+01,4.290465631929048840e+00
3.160000000000000142e+01,4.356984478935700622e+00
3.176000000000000156e+01,4.356984478935700622e+00
3.192000000000000171e+01,4.423503325942352404e+00
3.207999999999999829e+01,4.423503325942352404e+00
3.224000000000000199e+01,4.490022172949004187e+00
3.239999999999999858e+01,4.523281596452330078e+00
3.256000000000000227e+01,4.556541019955655969e+00
3.271999999999999886e+01,4.589800443458981860e+00
3.288000000000000256e+01,4.623059866962307751e+00
3.303999999999999915e+01,4.656319290465633642e+00
3.320000000000000284e+01,4.689578713968959534e+00
3.335999999999999943e+01,4.756097560975611316e+00
3.352000000000000313e+01,4.756097560975611316e+00
3.367999999999999972e+01,4.822616407982263986e+00
3.384000000000000341e+01,4.822616407982263986e+00
3.400000000000000000e+01,4.889135254988915769e+00
3.416000000000000369e+01,4.922394678492241660e+00
3.432000000000000028e+01,4.955654101995567551e+00
3.448000000000000398e+01,4.988913525498893442e+00
3.464000000000000057e+01,5.022172949002219333e+00
3.480000000000000426e+01,5.055432372505545224e+00
3.496000000000000085e+01,5.088691796008871115e+00
3.511999999999999744e+01,5.121951219512197007e+00
3.528000000000000114e+01,5.155210643015522898e+00
3.543999999999999773e+01,5.221729490022174680e+00
3.560000000000000142e+01,5.221729490022174680e+00
3.575999999999999801e+01,5.288248337028826462e+00
3.592000000000000171e+01,5.321507760532152354e+00
3.607999999999999829e+01,5.354767184035478245e+00
3.624000000000000199e+01,5.388026607538805024e+00
3.639999999999999858e+01,5.421286031042130915e+00
3.656000000000000227e+01,5.454545454545456806e+00
3.671999999999999886e+01,5.487804878048782697e+00
3.688000000000000256e+01,5.521064301552108589e+00
3.703999999999999915e+01,5.554323725055434480e+00
3.720000000000000284e+01,5.620842572062086262e+00
3.735999999999999943e+01,5.620842572062086262e+00
3.752000000000000313e+01,5.687361419068738044e+00
3.767999999999999972e+01,5.720620842572063935e+00
3.784000000000000341e+01,5.753880266075389827e+00
3.800000000000000000e+01,5.787139689578715718e+00
3.816000000000000369e+01,5.820399113082041609e+00
3.832000000000000028e+01,5.853658536585367500e+00
3.848000000000000398e+01,5.886917960088693391e+00
3.864000000000000057e+01,5.920177383592019282e+00
3.880000000000000426e+01,5.953436807095345173e+00
3.896000000000000085e+01,6.019955654101997844e+00
3.911999999999999744e+01,6.019955654101997844e+00
3.928000000000000114e+01,6.086474501108649626e+00
3.943999999999999773e+01,6.119733924611975517e+00
3.960000000000000142e+01,6.152993348115301409e+00
3.975999999999999801e+01,6.186252771618627300e+00
3.992000000000000171e+01,6.219512195121953191e+00
4.007999999999999829e+01,6.252771618625279082e+00
4.024000000000000199e+01,6.286031042128604973e+00
4.039999999999999858e+01,6.319290465631930864e+00
4.056000000000000227e+01,6.352549889135256755e+00
4.071999999999999886e+01,6.419068736141908538e+00
4.088000000000000256e+01,6.419068736141908538e+00
4.103999999999999915e+01,6.485587583148560320e+00
4.120000000000000284e+01,6.518847006651886211e+00
4.135999999999999943e+01,6.552106430155212102e+00
4.152000000000000313e+01,6.585365853658538882e+00
4.167999999999999972e+01,6.618625277161864773e+00
4.184000000000000341e+01,6.651884700665190664e+00
4.200000000000000000e+01,6.685144124168516555e+00
4.216000000000000369e+01,6.718403547671842446e+00
4.232000000000000028e+01,6.751662971175168337e+00
4.248000000000000398e+01,6.818181818181820120e+00
4.264000000000000057e+01,6.818181818181820120e+00
4.280000000000000426e+01,6.884700665188471902e+00
4.296000000000000085e+01,6.884700665188471902e+00
4.311999999999999744e+01,6.951219512195123684e+00
4.328000000000000114e+01,6.984478935698449575e+00
4.343999999999999773e+01,7.017738359201775467e+00
4.360000000000000142e+01,7.050997782705101358e+00
4.375999999999999801e+01,7.084257206208427249e+00
4.392000000000000171e+01,7.117516629711753140e+00
4.407999999999999829e+01,7.150776053215079031e+00
4.424000000000000199e+01,7.217294900221731702e+00
4.439999999999999858e+01,7.217294900221731702e+00
4.456000000000000227e+01,7.283813747228383484e+00
4.471999999999999886e+01,7.283813747228383484e+00
4.488000000000000256e+01,7.350332594235035266e+00
4.503999999999999915e+01,7.383592017738361157e+00
4.520000000000000284e+01,7.416851441241687048e+00
4.535999999999999943e+01,7.450110864745012940e+00
4.552000000000000313e+01,7.483370288248338831e+00
4.567999999999999972e+01,7.516629711751664722e+00
4.584000000000000341e+01,7.549889135254990613e+00
4.600000000000000000e+01,7.616407982261642395e+00
4.616000000000000369e+01,7.616407982261642395e+00
4.632000000000000028e+01,7.682926829268294178e+00
4.648000000000000398e+01,7.682926829268294178e+00
4.664000000000000057e+01,7.749445676274945960e+00
4.680000000000000426e+01,7.782705099778271851e+00
4.696000000000000085e+01,7.815964523281598630e+00
4.711999999999999744e+01,7.849223946784924522e+00
4.728000000000000114e+01,7.882483370288250413e+00
4.743999999999999773e+01,7.915742793791576304e+00
4.760000000000000142e+01,7.949002217294902195e+00
4.775999999999999801e+01,8.015521064301553977e+00
4.792000000000000171e+01,8.015521064301553977e+00
4.807999999999999829e+01,8.082039911308205760e+00
4.824000000000000199e+01,8.082039911308205760e+00
4.839999999999999858e+01,8.148558758314857542e+00
4.856000000000000227e+01,8.181818181818183433e+00
4.871999999999999886e+01,8.215077605321509324e+00
4.888000000000000256e+01,8.248337028824835215e+00
4.903999999999999915e+01,8.281596452328161106e+00
4.920000000000000284e+01,8.314855875831486998e+00
4.935999999999999943e+01,8.348115299334812889e+00
4.952000000000000313e+01,8.381374722838138780e+00
4.967999999999999972e+01,8.414634146341464671e+00
4.984000000000000341e+01,8.481152993348116453e+00
5.000000000000000000e+01,8.481152993348116453e+00
5.016000000000000369e+01,8.547671840354768236e+00
5.032000000000000028e+01,8.580931263858094127e+00
5.048000000000000398e+01,8.614190687361420018e+00
5.064000000000000057e+01,8.647450110864745909e+00
5.080000000000000426e+01,8.680709534368071800e+00
5.096000000000000085e+01,8.713968957871397691e+00
5.112000000000000455e+01,8.747228381374725359e+00
5.128000000000000114e+01,8.780487804878051250e+00
5.143999999999999773e+01,8.813747228381377141e+00
5.160000000000000142e+01,8.880266075388028923e+00
5.175999999999999801e+01,8.880266075388028923e+00
5.192000000000000171e+01,8.946784922394680706e+00
5.207999999999999829e+01,8.980044345898006597e+00
5.224000000000000199e+01,9.013303769401332488e+00
5.239999999999999858e+01,9.046563192904658379e+00
5.256000000000000227e+01,9.079822616407984270e+00
5.271999999999999886e+01,9.113082039911310162e+00
5.288000000000000256e+01,9.146341463414636053e+00
5.303999999999999915e+01,9.179600886917961944e+00
5.320000000000000284e+01,9.212860310421287835e+00
5.335999999999999943e+01,9.279379157427939617e+00
5.352000000000000313e+01,9.279379157427939617e+00
5.367999999999999972e+01,9.345898004434591400e+00
5.384000000000000341e+01,9.379157427937917291e+00
5.400000000000000000e+01,9.412416851441243182e+00
5.416000000000000369e+01,9.445676274944569073e+00
5.432000000000000028e+01,9.478935698447894964e+00
5.448000000000000398e+01,9.512195121951220855e+00
5.464000000000000057e+01,9.545454545454546746e+00
5.480000000000000426e+01,9.578713968957872638e+00
5.496000000000000085e+01,9.611973392461198529e+00
5.512000000000000455e+01,9.678492239467850311e+00
5.528000000000000114e+01,9.678492239467850311e+00
5.543999999999999773e+01,9.745011086474502093e+00
5.560000000000000142e+01,9.778270509977827984e+00
5.575999999999999801e+01,9.811529933481153876e+00
5.592000000000000171e+01,9.844789356984479767e+00
5.607999999999999829e+01,9.878048780487805658e+00
5.624000000000000199e+01,9.911308203991131549e+00
5.639999999999999858e+01,9.944567627494459217e+00
5.656000000000000227e+01,9.977827050997785108e+00
5.671999999999999886e+01,1.001108647450111100e+01
5.688000000000000256e+01,1.007760532150776278e+01
5.703999999999999915e+01,1.007760532150776278e+01
5.720000000000000284e+01,1.014412416851441456e+01
5.735999999999999943e+01,1.017738359201774045e+01
5.752000000000000313e+01,1.021064301552106635e+01
5.767999999999999972e+01,1.024390243902439224e+01
5.784000000000000341e+01,1.027716186252771813e+01
5.800000000000000000e+01,1.031042128603104402e+01
5.816000000000000369e+01,1.034368070953436991e+01
5.832000000000000028e+01,1.037694013303769580e+01
5.848000000000000398e+01,1.041019955654102169e+01
5.864000000000000057e+01,1.047671840354767347e+01
5.880000000000000426e+01,1.047671840354767347e+01
5.896000000000000085e+01,1.054323725055432526e+01
5.912000000000000455e+01,1.057649667405765115e+01
5.928000000000000114e+01,1.060975609756097704e+01
5.943999999999999773e+01,1.064301552106430293e+01
5.960000000000000142e+01,1.067627494456762882e+01
5.975999999999999801e+01,1.070953436807095471e+01
5.992000000000000171e+01,1.074279379157428060e+01
6.007999999999999829e+01,1.077605321507760650e+01
6.024000000000000199e+01,1.080931263858093239e+01
6.039999999999999858e+01,1.087583148558758417e+01
6.056000000000000227e+01,1.087583148558758417e+01
6.071999999999999886e+01,1.094235033259423595e+01
6.088000000000000256e+01,1.094235033259423595e+01
6.103999999999999915e+01,1.100886917960088773e+01
6.120000000000000284e+01,1.104212860310421362e+01
6.135999999999999943e+01,1.107538802660753952e+01
6.152000000000000313e+01,1.110864745011086541e+01
6.167999999999999972e+01,1.114190687361419130e+01
6.184000000000000341e+01,1.117516629711751897e+01
6.200000000000000000e+01,1.120842572062084486e+01
6.216000000000000369e+01,1.127494456762749664e+01
6.232000000000000028e+01,1.127494456762749664e+01
6.248000000000000398e+01,1.134146341463414842e+01
6.264000000000000057e+01,1.134146341463414842e+01
6.280000000000000426e+01,1.140798226164080020e+01
6.296000000000000085e+01,1.144124168514412609e+01
6.312000000000000455e+01,1.147450110864745199e+01
6.328000000000000114e+01,1.150776053215077788e+01
6.344000000000000483e+01,1.154101995565410377e+01
6.360000000000000142e+01,1.157427937915742966e+01
6.375999999999999801e+01,1.160753880266075555e+01
6.392000000000000171e+01,1.167405764966740733e+01
6.407999999999999829e+01,1.167405764966740733e+01
6.423999999999999488e+01,1.174057649667405911e+01
6.440000000000000568e+01,1.174057649667405911e+01
6.456000000000000227e+01,1.180709534368071090e+01
6.471999999999999886e+01,1.184035476718403679e+01
6.487999999999999545e+01,1.187361419068736268e+01
6.504000000000000625e+01,1.190687361419068857e+01
6.520000000000000284e+01,1.194013303769401446e+01
6.535999999999999943e+01,1.197339246119734035e+01
6.551999999999999602e+01,1.200665188470066624e+01
6.568000000000000682e+01,1.203991130820399214e+01
6.584000000000000341e+01,1.207317073170731803e+01
6.600000000000000000e+01,1.213968957871396981e+01
6.615999999999999659e+01,1.213968957871396981e+01
6.632000000000000739e+01,1.220620842572062159e+01
6.648000000000000398e+01,1.223946784922394748e+01
6.664000000000000057e+01,1.227272727272727337e+01
6.679999999999999716e+01,1.230598669623059926e+01
6.696000000000000796e+01,1.233924611973392516e+01
6.712000000000000455e+01,1.237250554323725282e+01
6.728000000000000114e+01,1.240576496674057871e+01
6.743999999999999773e+01,1.243902439024390461e+01
6.759999999999999432e+01,1.247228381374723050e+01
6.776000000000000512e+01,1.253880266075388228e+01
6.792000000000000171e+01,1.253880266075388228e+01
6.807999999999999829e+01,1.260532150776053406e+01
6.823999999999999488e+01,1.263858093126385995e+01
6.840000000000000568e+01,1.267184035476718584e+01
6.856000000000000227e+01,1.270509977827051173e+01
6.871999999999999886e+01,1.273835920177383763e+01
6.887999999999999545e+01,1.277161862527716352e+01
6.904000000000000625e+01,1.280487804878048941e+01
6.920000000000000284e+01,1.283813747228381530e+01
6.935999999999999943e+01,1.287139689578714119e+01
6.951999999999999602e+01,1.293791574279379297e+01
6.968000000000000682e+01,1.293791574279379297e+01
6.984000000000000341e+01,1.300443458980044475e+01
7.000000000000000000e+01,1.303769401330377065e+01
7.015999999999999659e+01,1.307095343680709654e+01
7.032000000000000739e+01,1.310421286031042243e+01
7.048000000000000398e+01,1.313747228381374832e+01
7.064000000000000057e+01,1.317073170731707421e+01
7.079999999999999716e+01,1.320399113082040010e+01
7.096000000000000796e+01,1.323725055432372599e+01
7.112000000000000455e+01,1.327050997782705188e+01
7.128000000000000114e+01,1.333702882483370367e+01
7.143999999999999773e+01,1.333702882483370367e+01
7.160000000000000853e+01,1.340354767184035545e+01
7.176000000000000512e+01,1.343680709534368134e+01
7.192000000000000171e+01,1.347006651884700723e+01
7.207999999999999829e+01,1.350332594235033312e+01
7.223999999999999488e+01,1.353658536585365901e+01
7.240000000000000568e+01,1.356984478935698490e+01
7.256000000000000227e+01,1.360310421286031257e+01
7.271999999999999886e+01,1.363636363636363846e+01
7.287999999999999545e+01,1.366962305986696435e+01
7.304000000000000625e+01,1.373614190687361614e+01
7.320000000000000284e+01,1.373614190687361614e+01
7.335999999999999943e+01,1.380266075388026792e+01
7.351999999999999602e+01,1.383592017738359381e+01
7.368000000000000682e+01,1.386917960088691970e+01
7.384000000000000341e+01,1.390243902439024559e+01
7.400000000000000000e+01,1.393569844789357148e+01
7.415999999999999659e+01,1.396895787139689737e+01
7.432000000000000739e+01,1.400221729490022327e+01
7.448000000000000398e+01,1.403547671840354916e+01
7.464000000000000057e+01,1.406873614190687505e+01
7.479999999999999716e+01,1.413525498891352683e+01
7.496000000000000796e+01,1.413525498891352683e+01
7.512000000000000455e+01,1.420177383592017861e+01
7.528000000000000114e+01,1.423503325942350450e+01
7.543999999999999773e+01,1.426829268292683039e+01
7.560000000000000853e+01,1.430155210643015629e+01
7.576000000000000512e+01,1.433481152993348218e+01
7.592000000000000171e+01,1.436807095343680807e+01
7.607999999999999829e+01,1.440133037694013396e+01
7.623999999999999488e+01,1.443458980044345985e+01
7.640000000000000568e+01,1.446784922394678574e+01
7.656000000000000227e+01,1.453436807095343752e+01
7.671999999999999886e+01,1.453436807095343752e+01
7.687999999999999545e+01,1.460088691796008931e+01
7.704000000000000625e+01,1.460088691796008931e+01
7.720000000000000284e+01,1.466740576496674109e+01
7.735999999999999943e+01,1.470066518847006698e+01
7.751999999999999602e+01,1.473392461197339287e+01
7.768000000000000682e+01,1.476718403547671876e+01
7.784000000000000341e+01,1.480044345898004643e+01
7.800000000000000000e+01,1.483370288248337232e+01
7.815999999999999659e+01,1.486696230598669821e+01
7.832000000000000739e+01,1.493348115299334999e+01
7.848000000000000398e+01,1.493348115299334999e+01
7.864000000000000057e+01,1.500000000000000178e+01
7.879999999999999716e+01,1.500000000000000178e+01
7.896000000000000796e+01,1.506651884700665356e+01
7.912000000000000455e+01,1.509977827050997945e+01
7.928000000000000114e+01,1.513303769401330534e+01
7.943999999999999773e+01,1.516629711751663123e+01
7.960000000000000853e+01,1.519955654101995712e+01
7.976000000000000512e+01,1.523281596452328301e+01
7.992000000000000171e+01,1.526607538802660891e+01
8.007999999999999829e+01,1.533259423503326069e+01
8.023999999999999488e+01,1.533259423503326069e+01
8.040000000000000568e+01,1.539911308203991247e+01
8.056000000000000227e+01,1.539911308203991247e+01
8.071999999999999886e+01,1.546563192904656425e+01
8.087999999999999545e+01,1.549889135254989014e+01
8.104000000000000625e+01,1.553215077605321603e+01
8.120000000000000284e+01,1.556541019955654193e+01
8.135999999999999943e+01,1.559866962305986782e+01
8.151999999999999602e+01,1.563192904656319371e+01
8.168000000000000682e+01,1.566518847006651960e+01
8.184000000000000341e+01,1.573170731707317138e+01
8.200000000000000000e+01,1.573170731707317138e+01
8.215999999999999659e+01,1.579822616407982316e+01
8.232000000000000739e+01,1.579822616407982316e+01
8.248000000000000398e+01,1.586474501108647495e+01
8.264000000000000057e+01,1.589800443458980084e+01
8.279999999999999716e+01,1.593126385809312673e+01
8.296000000000000796e+01,1.596452328159645262e+01
8.312000000000000455e+01,1.599778270509977851e+01
8.328000000000000114e+01,1.603104212860310440e+01
8.343999999999999773e+01,1.606430155210643207e+01
8.360000000000000853e+01,1.609756097560975618e+01
8.376000000000000512e+01,1.613082039911308385e+01
8.392000000000000171e+01,1.619733924611973563e+01
8.407999999999999829e+01,1.619733924611973563e+01
8.423999999999999488e+01,1.626385809312638742e+01
8.440000000000000568e+01,1.629711751662971153e+01
8.456000000000000227e+01,1.633037694013303920e+01
8.471999999999999886e+01,1.636363636363636331e+01
8.487999999999999545e+01,1.639689578713969098e+01
8.504000000000000625e+01,1.643015521064301510e+01
8.520000000000000284e+01,1.646341463414634276e+01
8.535999999999999943e+01,1.649667405764966688e+01
8.551999999999999602e+01,1.652993348115299455e+01
8.568000000000000682e+01,1.659645232815964633e+01
8.584000000000000341e+01,1.659645232815964633e+01
8.600000000000000000e+01,1.666297117516629811e+01
8.615999999999999659e+01,1.669623059866962578e+01
8.632000000000000739e+01,1.672949002217294989e+01
8.648000000000000398e+01,1.676274944567627756e+01
8.664000000000000057e+01,1.679600886917960167e+01
8.679999999999999716e+01,1.682926829268292934e+01
8.696000000000000796e+01,1.686252771618625346e+01
8.712000000000000455e+01,1.689578713968958112e+01
8.728000000000000114e+01,1.692904656319290524e+01
8.743999999999999773e+01,1.699556541019955702e+01
8.760000000000000853e+01,1.699556541019955702e+01
8.776000000000000512e+01,1.706208425720620880e+01
8.792000000000000171e+01,1.709534368070953647e+01
8.807999999999999829e+01,1.712860310421286059e+01
8.823999999999999488e+01,1.716186252771618825e+01
8.840000000000000568e+01,1.719512195121951237e+01
8.856000000000000227e+01,1.722838137472284004e+01
8.871999999999999886e+01,1.726164079822616415e+01
8.887999999999999545e+01,1.729490022172949182e+01
8.904000000000000625e+01,1.732815964523281593e+01
8.920000000000000284e+01,1.739467849223946772e+01
8.935999999999999943e+01,1.739467849223946772e+01
8.951999999999999602e+01,1.746119733924611950e+01
8.968000000000000682e+01,1.749445676274944717e+01
8.984000000000000341e+01,1.752771618625277128e+01
