epoch,time,train/box_loss,train/cls_loss,train/dfl_loss,metrics/precision(B),metrics/recall(B),metrics/mAP50(B),metrics/mAP50-95(B),val/box_loss,val/cls_loss,val/dfl_loss,lr/pg0,lr/pg1,lr/pg2
1,4.47684,2.03183,2.92199,0.93165,0.02435,0.22379,0.03638,0.01261,1.84571,3.04696,0.85907,0.00046676,0.00046676,0.00046676
2,5.93183,1.5604,1.47995,0.84998,0.45145,0.7019,0.4669,0.21777,1.64351,1.90604,0.8455,0.000931376,0.000931376,0.000931376
3,7.35128,1.52031,1.34446,0.84183,0.46337,0.75207,0.45893,0.27157,1.25435,1.82869,0.816,0.00137685,0.00137685,0.00137685
4,8.76082,1.45516,1.2235,0.83364,0.45824,0.78144,0.53327,0.32453,1.14295,1.48702,0.80229,0.00156798,0.00156798,0.00156798
5,10.1385,1.44779,1.16071,0.83117,0.50523,0.77443,0.56485,0.3482,1.11476,1.3922,0.80152,0.00153497,0.00153497,0.00153497
6,11.5367,1.38882,1.08466,0.82439,0.52743,0.78584,0.5951,0.37407,1.08895,1.34915,0.79871,0.00150197,0.00150197,0.00150197
7,12.914,1.34531,1.04665,0.82522,0.50782,0.79352,0.62826,0.35702,1.37525,1.33866,0.81745,0.00146896,0.00146896,0.00146896
8,14.3056,1.33057,1.0283,0.82215,0.59394,0.77833,0.65894,0.39757,1.18323,1.08334,0.80374,0.00143595,0.00143595,0.00143595
9,15.7106,1.28884,0.98017,0.8186,0.56561,0.79463,0.62717,0.40327,1.096,1.32192,0.79847,0.00140295,0.00140295,0.00140295
10,17.099,1.26391,0.96297,0.81037,0.49971,0.7586,0.51394,0.32325,1.1264,1.44027,0.79841,0.00136994,0.00136994,0.00136994
11,18.4964,1.27839,0.95382,0.81967,0.54863,0.8229,0.63119,0.40398,1.05033,1.09013,0.79403,0.00133693,0.00133693,0.00133693
12,19.8873,1.23978,0.93802,0.81085,0.56575,0.81,0.65928,0.41307,1.11988,1.07977,0.79915,0.00130393,0.00130393,0.00130393
13,21.2536,1.20561,0.88156,0.81501,0.54001,0.84071,0.64986,0.39963,1.12618,1.10808,0.79784,0.00127092,0.00127092,0.00127092
14,22.6166,1.23376,0.88226,0.8136,0.66175,0.77411,0.69034,0.43816,1.02986,0.95853,0.79571,0.00123791,0.00123791,0.00123791
15,24.0009,1.18174,0.88202,0.80896,0.57758,0.88912,0.69655,0.4411,1.11125,0.94987,0.80006,0.00120491,0.00120491,0.00120491
16,25.4042,1.14555,0.8423,0.80843,0.59198,0.8428,0.69887,0.47416,1.00378,0.96662,0.79274,0.0011719,0.0011719,0.0011719
17,26.7951,1.1564,0.82149,0.80923,0.5647,0.83278,0.64566,0.41603,1.04418,1.16639,0.79347,0.00113889,0.00113889,0.00113889
18,28.1895,1.15747,0.82073,0.80879,0.56594,0.86734,0.68055,0.46111,1.02609,0.98545,0.79525,0.00110589,0.00110589,0.00110589
19,29.573,1.14629,0.79302,0.80783,0.57723,0.85806,0.65912,0.42514,1.13649,1.06821,0.80404,0.00107288,0.00107288,0.00107288
20,30.9465,1.17905,0.78139,0.80567,0.56838,0.79084,0.61465,0.41253,1.00991,1.25375,0.79499,0.00103987,0.00103987,0.00103987
21,32.3093,1.14634,0.79928,0.8111,0.68129,0.75142,0.70024,0.45493,1.0759,0.98523,0.79767,0.00100687,0.00100687,0.00100687
22,33.6864,1.09517,0.75348,0.80702,0.5503,0.84793,0.64487,0.43914,0.98786,1.12135,0.79065,0.000973861,0.000973861,0.000973861
23,35.0555,1.09484,0.73305,0.80582,0.54125,0.86853,0.6283,0.43599,0.97747,1.13071,0.79127,0.000940855,0.000940855,0.000940855
24,36.4314,1.08539,0.72873,0.80191,0.5394,0.8444,0.60569,0.4148,0.98762,1.14215,0.78809,0.000907848,0.000907848,0.000907848
25,37.8059,1.11985,0.72492,0.79957,0.58453,0.78458,0.65361,0.43757,1.01872,1.12416,0.79393,0.000874842,0.000874842,0.000874842
26,39.175,1.08398,0.70671,0.80358,0.54191,0.86464,0.61991,0.42277,1.01015,1.22332,0.79248,0.000841835,0.000841835,0.000841835
27,40.5481,1.06986,0.69511,0.79756,0.56477,0.86212,0.6716,0.44179,1.07411,1.17315,0.7946,0.000808828,0.000808828,0.000808828
28,41.9357,1.02976,0.67023,0.80165,0.58367,0.80745,0.67218,0.47066,0.94635,1.07802,0.7894,0.000775822,0.000775822,0.000775822
29,43.3028,1.06979,0.68908,0.79867,0.53731,0.83861,0.61407,0.42703,0.95333,1.26705,0.7893,0.000742815,0.000742815,0.000742815
30,44.6765,1.0513,0.67358,0.79827,0.54085,0.88024,0.6248,0.41922,1.03134,1.18035,0.79128,0.000709809,0.000709809,0.000709809
31,46.057,1.05503,0.66066,0.80055,0.58903,0.85937,0.69356,0.48806,0.98153,1.0907,0.78794,0.000676802,0.000676802,0.000676802
32,47.4541,1.07674,0.65919,0.80046,0.57504,0.83109,0.64734,0.44397,0.99211,1.16305,0.78984,0.000643795,0.000643795,0.000643795
33,48.8287,1.01418,0.632,0.79637,0.58328,0.81349,0.6641,0.46448,0.9594,1.13245,0.78877,0.000610789,0.000610789,0.000610789
34,50.2207,1.04965,0.64014,0.79929,0.56876,0.85254,0.65434,0.4253,1.07835,1.14451,0.79337,0.000577782,0.000577782,0.000577782
35,51.5696,1.04223,0.62948,0.79573,0.58022,0.85055,0.67034,0.46337,0.99092,1.10945,0.79164,0.000544776,0.000544776,0.000544776
36,52.9478,1.03145,0.60651,0.79189,0.55018,0.83561,0.61776,0.43617,0.91007,1.2769,0.78675,0.000511769,0.000511769,0.000511769
37,54.3255,0.98466,0.60276,0.79428,0.58774,0.84284,0.69297,0.48749,0.92107,1.02564,0.78575,0.000478762,0.000478762,0.000478762
38,55.6962,1.07581,0.62876,0.793,0.55536,0.83852,0.63362,0.45647,0.89218,1.14372,0.78235,0.000445756,0.000445756,0.000445756
39,57.0744,1.00245,0.5957,0.79635,0.54362,0.83119,0.63219,0.42578,0.99825,1.1879,0.78903,0.000412749,0.000412749,0.000412749
40,58.4588,1.00236,0.59197,0.79329,0.56591,0.82972,0.65248,0.44086,1.01552,1.21383,0.78914,0.000379743,0.000379743,0.000379743
41,60.8132,0.9022,0.53868,0.80381,0.54179,0.83512,0.60424,0.42984,0.90183,1.30938,0.78581,0.000346736,0.000346736,0.000346736
42,62.1406,0.86629,0.51536,0.80048,0.59604,0.82199,0.68075,0.46798,0.98034,1.13607,0.78884,0.000313729,0.000313729,0.000313729
43,63.4423,0.8838,0.52692,0.80345,0.60414,0.8024,0.67809,0.47663,0.91931,1.11729,0.78564,0.000280723,0.000280723,0.000280723
44,64.7633,0.87556,0.51515,0.7972,0.557,0.79115,0.63243,0.44058,0.96338,1.24126,0.78719,0.000247716,0.000247716,0.000247716
45,66.0553,0.88663,0.51768,0.79928,0.58801,0.77823,0.64552,0.43882,1.00814,1.21805,0.78845,0.00021471,0.00021471,0.00021471
46,67.3469,0.86232,0.49867,0.80376,0.56885,0.82926,0.67579,0.48469,0.92167,1.20328,0.78693,0.000181703,0.000181703,0.000181703
47,68.6377,0.85206,0.4956,0.80009,0.54638,0.78526,0.62545,0.45336,0.9253,1.40084,0.78773,0.000148696,0.000148696,0.000148696
48,69.9345,0.85892,0.48596,0.79881,0.56642,0.80312,0.65858,0.4643,0.96283,1.24868,0.78813,0.00011569,0.00011569,0.00011569
49,71.2279,0.84195,0.4859,0.79602,0.57551,0.8311,0.68303,0.4809,0.96038,1.14878,0.78881,8.26832e-05,8.26832e-05,8.26832e-05
50,72.5112,0.84123,0.47861,0.7967,0.5692,0.81644,0.67238,0.4884,0.91025,1.19215,0.78872,4.96766e-05,4.96766e-05,4.96766e-05
