Minor Name,Category,Total Courses,Required,Elective,Prefixes,Severity Score,Risk Tier,Risk Factors
Civics and Humanities Minor,Humanities/Other,32,0,32,5,45.0,TIER 2: HIGH RISK,Multiple Departments; All Elective (low accountability)
Applied Computing Minor,STEM,37,0,37,5,45.0,TIER 2: HIGH RISK,Multiple Departments; All Elective (low accountability)
Law and Society Interdisciplinary Minor,Humanities/Other,64,0,64,20,40.0,TIER 2: HIGH RISK,Multiple Departments; All Elective (low accountability); High Interdisciplinary
Speech Communication Minor,Humanities/Other,39,0,39,2,40.0,TIER 2: HIGH RISK,Limited Departments; All Elective (low accountability)
Renaissance Studies Minor,Humanities/Other,28,0,28,13,39.0,TIER 2: HIGH RISK,Multiple Departments; All Elective (low accountability); High Interdisciplinary
Asian Studies Minor,Area Studies,26,0,26,7,38.0,TIER 2: HIGH RISK,Multiple Departments; All Elective (low accountability); High Interdisciplinary
Nutrition and Food Systems Minor,Humanities/Other,21,0,21,6,35.5,TIER 2: HIGH RISK,Multiple Departments; All Elective (low accountability); High Interdisciplinary
Art History Minor,Humanities/Other,64,0,64,1,35.0,TIER 2: HIGH RISK,Single Department (staffing vulnerable); All Elective (low accountability)
Geography Minor,Humanities/Other,45,0,45,1,35.0,TIER 2: HIGH RISK,Single Department (staffing vulnerable); All Elective (low accountability)
Health Promotion Education and Behavior Minor,Humanities/Other,32,2,30,4,35.0,TIER 2: HIGH RISK,Multiple Departments
History Minor,Humanities/Other,167,0,167,1,35.0,TIER 2: HIGH RISK,Single Department (staffing vulnerable); All Elective (low accountability)
Political Science Minor,Humanities/Other,100,0,100,1,35.0,TIER 2: HIGH RISK,Single Department (staffing vulnerable); All Elective (low accountability)
Womens and Gender Studies Minor,Humanities/Other,55,0,55,1,35.0,TIER 2: HIGH RISK,Single Department (staffing vulnerable); All Elective (low accountability)
Sport and Entertainment Management Minor,Professional/Applied,52,0,52,1,35.0,TIER 2: HIGH RISK,Single Department (staffing vulnerable); All Elective (low accountability)
Data Science Minor,STEM,40,9,31,4,35.0,TIER 2: HIGH RISK,Multiple Departments
Aerospace Engineering Minor,STEM,19,0,19,2,34.5,TIER 2: HIGH RISK,Limited Departments; All Elective (low accountability)
Statistics Minor,STEM,29,0,29,1,34.5,TIER 2: HIGH RISK,Single Department (staffing vulnerable); All Elective (low accountability)
Mathematical Biology Minor,STEM,25,15,10,4,32.5,TIER 2: HIGH RISK,Multiple Departments
German Studies Minor,Language,23,0,23,1,31.5,TIER 2: HIGH RISK,Single Department (staffing vulnerable); All Elective (low accountability)
European Studies Minor,Area Studies,65,1,64,10,30.0,TIER 2: HIGH RISK,Multiple Departments; High Interdisciplinary
Islamic World Studies Minor,Area Studies,36,5,31,9,30.0,TIER 2: HIGH RISK,Multiple Departments; High Interdisciplinary
Middle East Studies Minor,Area Studies,34,5,29,9,30.0,TIER 2: HIGH RISK,Multiple Departments; High Interdisciplinary
Environmental Studies Minor,Humanities/Other,119,5,114,16,30.0,TIER 2: HIGH RISK,Multiple Departments; High Interdisciplinary
Neuroscience Minor,Humanities/Other,41,3,38,8,30.0,TIER 2: HIGH RISK,Multiple Departments; High Interdisciplinary
Actuarial Mathematics and Statistics Minor,STEM,20,3,17,3,30.0,TIER 2: HIGH RISK,Multiple Departments
Classical Studies Minor,Humanities/Other,19,5,14,5,29.5,TIER 1: CRITICAL,Multiple Departments
Music Industry Studies Minor,Professional/Applied,19,4,15,4,29.5,TIER 1: CRITICAL,Multiple Departments
Forensics Minor,Humanities/Other,28,2,26,6,29.0,TIER 1: CRITICAL,Multiple Departments; High Interdisciplinary
Chemical Engineering Minor,STEM,18,6,12,3,29.0,TIER 1: CRITICAL,Multiple Departments
Event Management Minor,Professional/Applied,17,8,9,4,28.5,TIER 1: CRITICAL,Multiple Departments
Geophysics Minor,STEM,16,7,9,3,28.0,TIER 1: CRITICAL,Multiple Departments
Climate and Society Minor,Humanities/Other,15,2,13,3,27.5,TIER 1: CRITICAL,Multiple Departments
Francophone Studies Minor,Language,25,4,21,2,27.5,TIER 1: CRITICAL,Limited Departments
African Studies Minor,Area Studies,23,13,10,9,26.5,TIER 1: CRITICAL,Multiple Departments; High Interdisciplinary
Social Work Minor,Humanities/Other,13,0,13,1,26.5,TIER 1: CRITICAL,Single Department (staffing vulnerable); All Elective (low accountability)
Geological Sciences Minor,STEM,13,7,6,3,26.5,TIER 1: CRITICAL,Multiple Departments
Entrepreneurship Minor,Professional/Applied,12,3,9,5,26.0,TIER 1: CRITICAL,Multiple Departments
Music Entrepreneurship Minor,Professional/Applied,12,3,9,5,26.0,TIER 1: CRITICAL,Multiple Departments
Risk Management and Insurance Minor,Professional/Applied,12,6,6,3,26.0,TIER 1: CRITICAL,Multiple Departments
Counselor Education Minor,Humanities/Other,11,5,6,4,25.5,TIER 1: CRITICAL,Multiple Departments
Ancient Greek Literature Minor,Language,11,0,11,1,25.5,TIER 1: CRITICAL,Single Department (staffing vulnerable); All Elective (low accountability)
Russian and Eurasian Studies Minor,Language,11,1,10,4,25.5,TIER 1: CRITICAL,Multiple Departments
Nuclear Engineering Minor,STEM,11,4,7,4,25.5,TIER 1: CRITICAL,Multiple Departments
Advertising and Public Relations Minor,Humanities/Other,135,3,132,1,25.0,TIER 1: CRITICAL,Single Department (staffing vulnerable)
Anthropology Minor,Humanities/Other,127,3,124,1,25.0,TIER 1: CRITICAL,Single Department (staffing vulnerable)
Art Studio Minor,Humanities/Other,73,5,68,1,25.0,TIER 1: CRITICAL,Single Department (staffing vulnerable)
English Minor,Humanities/Other,33,8,25,1,25.0,TIER 1: CRITICAL,Single Department (staffing vulnerable)
International Studies Minor,Humanities/Other,32,1,31,1,25.0,TIER 1: CRITICAL,Single Department (staffing vulnerable)
Religious Studies Minor,Humanities/Other,76,4,72,1,25.0,TIER 1: CRITICAL,Single Department (staffing vulnerable)
Spanish Minor,Language,33,2,31,1,25.0,TIER 1: CRITICAL,Single Department (staffing vulnerable)
Retailing Minor,Professional/Applied,10,0,10,1,25.0,TIER 1: CRITICAL,Single Department (staffing vulnerable); All Elective (low accountability)
Latin American Caribbean and US Latinx Studies Minor,Language,9,0,9,1,24.5,TIER 1: CRITICAL,Single Department (staffing vulnerable); All Elective (low accountability)
Chinese Studies Minor,Language,18,4,14,7,24.0,TIER 1: CRITICAL,Multiple Departments; High Interdisciplinary
Aerospace Studies Minor,STEM,8,0,8,1,24.0,TIER 1: CRITICAL,Single Department (staffing vulnerable); All Elective (low accountability)
Psychology Minor,Humanities/Other,17,1,16,2,23.5,TIER 1: CRITICAL,Limited Departments
Environmental and Sustainable Engineering Minor,STEM,17,2,15,6,23.5,TIER 1: CRITICAL,Multiple Departments; High Interdisciplinary
Film and Media Studies Minor,Humanities/Other,26,2,24,1,23.0,TIER 1: CRITICAL,Single Department (staffing vulnerable)
Italian Minor,Language,26,3,23,1,23.0,TIER 1: CRITICAL,Single Department (staffing vulnerable)
Social Media and Mass Communications Minor,Humanities/Other,15,4,11,2,22.5,TIER 1: CRITICAL,Limited Departments
Professional Writing and Communication Minor,Professional/Applied,15,1,14,2,22.5,TIER 1: CRITICAL,Limited Departments
German Minor,Language,23,4,19,1,21.5,TIER 1: CRITICAL,Single Department (staffing vulnerable)
Media Arts Minor,Humanities/Other,22,2,20,1,21.0,TIER 1: CRITICAL,Single Department (staffing vulnerable)
Military Science Minor,Humanities/Other,12,8,4,2,21.0,TIER 1: CRITICAL,Limited Departments
Music Minor,Humanities/Other,22,7,15,1,21.0,TIER 1: CRITICAL,Single Department (staffing vulnerable)
Chemistry Minor,STEM,12,5,7,2,21.0,TIER 1: CRITICAL,Limited Departments
Sociology Minor,Humanities/Other,1,0,1,1,20.5,TIER 1: CRITICAL,Single Department (staffing vulnerable); All Elective (low accountability)
Astronomy Minor,STEM,11,1,10,8,20.5,TIER 1: CRITICAL,Multiple Departments; High Interdisciplinary
Medical Humanities and Culture Minor,Humanities/Other,58,58,0,19,20.0,TIER 1: CRITICAL,Multiple Departments; High Required Course %; High Interdisciplinary
Sports Media Minor,Professional/Applied,20,2,18,1,20.0,TIER 1: CRITICAL,Single Department (staffing vulnerable)
Computer Science Minor,STEM,10,6,4,2,20.0,TIER 1: CRITICAL,Limited Departments
Dance Minor,Humanities/Other,19,13,6,1,19.5,TIER 1: CRITICAL,Single Department (staffing vulnerable)
Education Minor,Humanities/Other,9,4,5,6,19.5,TIER 1: CRITICAL,Multiple Departments; High Interdisciplinary
Business Administration Minor,Professional/Applied,9,6,3,6,19.5,TIER 1: CRITICAL,Multiple Departments; High Interdisciplinary
Biology Minor,STEM,9,3,6,2,19.5,TIER 1: CRITICAL,Limited Departments
User Experience and Design Minor,Humanities/Other,8,4,4,2,19.0,TIER 1: CRITICAL,Limited Departments
Integrated Information Technology Minor,STEM,17,2,15,1,18.5,TIER 1: CRITICAL,Single Department (staffing vulnerable)
Marine Science Minor,STEM,17,5,12,1,18.5,TIER 1: CRITICAL,Single Department (staffing vulnerable)
African American Studies Minor,Area Studies,16,2,14,1,18.0,TIER 1: CRITICAL,Single Department (staffing vulnerable)
Arabic Studies Minor,Language,15,6,9,1,17.5,TIER 1: CRITICAL,Single Department (staffing vulnerable)
Portuguese Minor,Language,15,2,13,1,17.5,TIER 1: CRITICAL,Single Department (staffing vulnerable)
Leadership Studies Minor,Professional/Applied,24,24,0,6,17.0,TIER 1: CRITICAL,Multiple Departments; High Required Course %; High Interdisciplinary
Beverage Management Minor,Humanities/Other,12,6,6,1,16.0,TIER 1: CRITICAL,Single Department (staffing vulnerable)
Medical Anthropology Minor,Humanities/Other,12,2,10,1,16.0,TIER 1: CRITICAL,Single Department (staffing vulnerable)
Latin Minor,Language,12,1,11,1,16.0,TIER 1: CRITICAL,Single Department (staffing vulnerable)
Russian Minor,Language,11,4,7,1,15.5,TIER 1: CRITICAL,Single Department (staffing vulnerable)
Mathematics Minor,STEM,11,1,10,1,15.5,TIER 1: CRITICAL,Single Department (staffing vulnerable)
Naval Science Minor,Humanities/Other,10,3,7,1,15.0,TIER 1: CRITICAL,Single Department (staffing vulnerable)
Philosophy Minor,Humanities/Other,50,50,0,1,15.0,TIER 1: CRITICAL,Single Department (staffing vulnerable); High Required Course %
Foreign Language Education Minor,Language,7,7,0,5,13.5,TIER 1: CRITICAL,Multiple Departments; High Required Course %
Comparative Literature Minor,Humanities/Other,5,2,3,1,12.5,TIER 1: CRITICAL,Single Department (staffing vulnerable)
Criminal Justice Minor,Humanities/Other,5,2,3,1,12.5,TIER 1: CRITICAL,Single Department (staffing vulnerable)
Economics Minor,Humanities/Other,9,8,1,2,9.5,TIER 1: CRITICAL,Limited Departments; High Required Course %
Japanese Minor,Language,18,18,0,1,9.0,TIER 1: CRITICAL,Single Department (staffing vulnerable); High Required Course %
Cybersecurity Operations Minor,STEM,7,7,0,2,8.5,TIER 1: CRITICAL,Limited Departments; High Required Course %
Creative Writing Minor,Humanities/Other,10,13,-3,1,5.0,TIER 1: CRITICAL,Single Department (staffing vulnerable); High Required Course %
Theatre Minor,Humanities/Other,7,6,1,1,3.5,TIER 1: CRITICAL,Single Department (staffing vulnerable); High Required Course %
Athletic Coaching Minor,Professional/Applied,7,7,0,1,3.5,TIER 1: CRITICAL,Single Department (staffing vulnerable); High Required Course %
Audio Recording Minor,Humanities/Other,6,6,0,1,3.0,TIER 1: CRITICAL,Single Department (staffing vulnerable); High Required Course %
Mechanical Engineering Minor,STEM,6,6,0,1,3.0,TIER 1: CRITICAL,Single Department (staffing vulnerable); High Required Course %
Mass Communications Minor,Humanities/Other,5,5,0,1,2.5,TIER 1: CRITICAL,Single Department (staffing vulnerable); High Required Course %
Electrical Engineering Minor,STEM,5,5,0,1,2.5,TIER 1: CRITICAL,Single Department (staffing vulnerable); High Required Course %
Physics Minor,STEM,5,4,1,1,2.5,TIER 1: CRITICAL,Single Department (staffing vulnerable); High Required Course %
Informatics Minor,STEM,4,3,1,1,2.0,TIER 1: CRITICAL,Single Department (staffing vulnerable); High Required Course %
Jewish Studies Minor,Area Studies,3,3,0,1,1.5,TIER 1: CRITICAL,Single Department (staffing vulnerable); High Required Course %
Hospitality and Tourism Management Minor,Professional/Applied,3,3,0,1,1.5,TIER 1: CRITICAL,Single Department (staffing vulnerable); High Required Course %
Linguistics Minor,Humanities/Other,2,2,0,1,1.0,TIER 1: CRITICAL,Single Department (staffing vulnerable); High Required Course %
