Minor Name,Webpage URL
Actuarial Mathematics and Statistics Minor,https://www.sc.edu/undergraduate/arts-sciences/mathematics/actuarial-mathematics-statistics-minor/
Advertising and Public Relations Minor,https://www.sc.edu/undergraduate/information-communications/journalism-mass-communications/advertising-and-public-relations-minor/
Aerospace Engineering Minor,https://www.sc.edu/undergraduate/engineering-computing/mechanical-engineering/aerospace-engineering-minor/
Aerospace Studies Minor,https://www.sc.edu/undergraduate/arts-sciences/rotc/aerospace-studies-minor/
African American Studies Minor,https://www.sc.edu/undergraduate/arts-sciences/african-american-studies/african-american-studies-minor/
African Studies Minor,https://www.sc.edu/undergraduate/arts-sciences/interdisciplinary-studies/african-studies-minor/
Ancient Greek Literature Minor,https://www.sc.edu/undergraduate/arts-sciences/languages-literatures-cultures/ancient-greek-literature-minor/
Anthropology Minor,https://www.sc.edu/undergraduate/arts-sciences/anthropology/anthropology-minor/
Applied Computing Minor,https://www.sc.edu/undergraduate/engineering-computing/computer-science-engineering/applied-computing-minor/
Arabic Studies Minor,https://www.sc.edu/undergraduate/arts-sciences/languages-literatures-cultures/arabic-studies-minor/
Art History Minor,https://www.sc.edu/undergraduate/arts-sciences/visual-art-design/art-history-minor/
Art Studio Minor,https://www.sc.edu/undergraduate/arts-sciences/visual-art-design/art-studio-minor/
Asian Studies Minor,https://www.sc.edu/undergraduate/arts-sciences/interdisciplinary-studies/asian-studies-minor/
Astronomy Minor,https://www.sc.edu/undergraduate/arts-sciences/physics-astronomy/astronomy-minor/
Athletic Coaching Minor,https://www.sc.edu/undergraduate/education/educational-developmental-science/-athletic-coaching-minor/
Audio Recording Minor,https://www.sc.edu/undergraduate/music/audio-recording-minor/
Beverage Management Minor,https://www.sc.edu/undergraduate/hospitality-retail-sport-management/hotel-restaurant-tourism-management/beverage-management-minor/
Biology Minor,https://www.sc.edu/undergraduate/arts-sciences/biological-sciences/biology-minor/
Business Administration Minor,https://www.sc.edu/undergraduate/business/business-administration-minor/
Chemical Engineering Minor,https://www.sc.edu/undergraduate/engineering-computing/chemical-engineering/chemical-engineering-minor/
Chemistry Minor,https://www.sc.edu/undergraduate/arts-sciences/chemistry-biochemistry/chemistry-minor/
Chinese Studies Minor,https://www.sc.edu/undergraduate/arts-sciences/languages-literatures-cultures/chinese-studies-minor/
Civics and Humanities Minor,https://www.sc.edu/undergraduate/arts-sciences/interdisciplinary-studies/civics-and-humanities-minor/
Classical Studies Minor,https://www.sc.edu/undergraduate/arts-sciences/languages-literatures-cultures/classical-studies-minor/
Climate and Society Minor,https://www.sc.edu/undergraduate/arts-sciences/geography/climate-society-minor/
Comparative Literature Minor,https://www.sc.edu/undergraduate/arts-sciences/languages-literatures-cultures/comparative-literature-minor/
Computer Science Minor,https://www.sc.edu/undergraduate/engineering-computing/computer-science-engineering/computer-science-minor/
Counselor Education Minor,https://www.sc.edu/undergraduate/education/counselor-education-minor/
Creative Writing Minor,https://www.sc.edu/undergraduate/arts-sciences/english-language-literature/creative-writing-minor/
Criminal Justice Minor,https://www.sc.edu/undergraduate/arts-sciences/criminology-criminal-justice/criminal-justice-minor/
Cybersecurity Operations Minor,https://www.sc.edu/undergraduate/engineering-computing/integrated-information-technology/cybersecurity-operations-minor/
Dance Minor,https://www.sc.edu/undergraduate/arts-sciences/theatre-dance/dance-minor/
Data Science Minor,https://www.sc.edu/undergraduate/engineering-computing/computer-science-engineering/data-science-minor/
Economics Minor,https://www.sc.edu/undergraduate/business/economics-minor/
Education Minor,https://www.sc.edu/undergraduate/education/general-education-minor/
Electrical Engineering Minor,https://www.sc.edu/undergraduate/engineering-computing/electrical-engineering/electrical-engineering-minor/
English Minor,https://www.sc.edu/undergraduate/arts-sciences/english-language-literature/english-minor/
Entrepreneurship Minor,https://www.sc.edu/undergraduate/music/entrepreneurship-minor/
Environmental and Sustainable Engineering Minor,https://www.sc.edu/undergraduate/engineering-computing/civil-environmental-engineering/environmental-sustainable-engineering-minor/
Environmental Studies Minor,https://www.sc.edu/undergraduate/arts-sciences/earth-ocean-environment/environmental-studies-minor/
European Studies Minor,https://www.sc.edu/undergraduate/arts-sciences/interdisciplinary-studies/european-studies-minor/
Event Management Minor,https://www.sc.edu/undergraduate/hospitality-retail-sport-management/event-management-minor/
Film and Media Studies Minor,https://www.sc.edu/undergraduate/arts-sciences/film-media-studies/film-media-studies-minor/
Foreign Language Education Minor,https://www.sc.edu/undergraduate/arts-sciences/foreign_language_edu_minor/
Forensics Minor,https://www.sc.edu/undergraduate/arts-sciences/chemistry-biochemistry/forensics-minor/
Francophone Studies Minor,https://www.sc.edu/undergraduate/arts-sciences/languages-literatures-cultures/french-minor/
Geography Minor,https://www.sc.edu/undergraduate/arts-sciences/geography/geography-minor/
Geological Sciences Minor,https://www.sc.edu/undergraduate/arts-sciences/earth-ocean-environment/geological-sciences-minor/
Geophysics Minor,https://www.sc.edu/undergraduate/arts-sciences/earth-ocean-environment/geophysics-minor/
German Minor,https://www.sc.edu/undergraduate/arts-sciences/languages-literatures-cultures/german-minor/
German Studies Minor,https://www.sc.edu/undergraduate/arts-sciences/languages-literatures-cultures/german-studies-minor/
"Health Promotion, Education, and Behavior Minor",https://www.sc.edu/undergraduate/public-health/health-promotion-education-behavior/health-promotion-education-behavior-minor/
History Minor,https://www.sc.edu/undergraduate/arts-sciences/history/history-minor/
Hospitality and Tourism Management Minor,https://www.sc.edu/undergraduate/hospitality-retail-sport-management/hotel-restaurant-tourism-management/hotel-restaurant-tourism-management-minor/
Informatics Minor,https://www.sc.edu/undergraduate/information-communications/library-information-science/informatics-minor/
Integrated Information Technology Minor,https://www.sc.edu/undergraduate/engineering-computing/integrated-information-technology/integrated-information-technology-minor/
International Studies Minor,https://www.sc.edu/undergraduate/arts-sciences/political-science/international-studies-minor/
Islamic World Studies Minor,https://www.sc.edu/undergraduate/arts-sciences/interdisciplinary-studies/islamic-world-studies-minor/
Italian Minor,https://www.sc.edu/undergraduate/arts-sciences/languages-literatures-cultures/italian-minor/
Japanese Minor,https://www.sc.edu/undergraduate/arts-sciences/languages-literatures-cultures/japanese-minor/
Jewish Studies Minor,https://www.sc.edu/undergraduate/arts-sciences/interdisciplinary-studies/jewish-studies-minor/
"Latin American, Caribbean, and US Latinx Studies Minor",https://www.sc.edu/undergraduate/arts-sciences/interdisciplinary-studies/latin-american-studies-minor/
Latin Minor,https://www.sc.edu/undergraduate/arts-sciences/languages-literatures-cultures/latin-minor/
Law and Society Interdisciplinary Minor,https://www.sc.edu/undergraduate/arts-sciences/interdisciplinary-studies/law-society-minor/
Leadership Studies Minor,https://www.sc.edu/undergraduate/arts-sciences/political-science/leadership-studies-minor/
Linguistics Minor,https://www.sc.edu/undergraduate/arts-sciences/interdisciplinary-studies/linguistics-minor/
Marine Science Minor,https://www.sc.edu/undergraduate/arts-sciences/earth-ocean-environment/marine-science-minor/
Mass Communications Minor,https://www.sc.edu/undergraduate/information-communications/journalism-mass-communications/mass-communications-minor/
Mathematical Biology Minor,https://www.sc.edu/undergraduate/arts-sciences/mathematics/mathematical-biology-minor/
Mathematics Minor,https://www.sc.edu/undergraduate/arts-sciences/mathematics/mathematics-minor/
Mechanical Engineering Minor,https://www.sc.edu/undergraduate/engineering-computing/mechanical-engineering/mechanical-engineering-minor/
Media Arts Minor,https://www.sc.edu/undergraduate/arts-sciences/visual-art-design/media-arts-minor/
Medical Anthropology Minor,https://www.sc.edu/undergraduate/arts-sciences/anthropology/medicalanthropology/
Medical Humanities and Culture Minor,https://www.sc.edu/undergraduate/arts-sciences/interdisciplinary-studies/medical-humanities-culture-minor/
Middle East Studies Minor,https://www.sc.edu/undergraduate/arts-sciences/interdisciplinary-studies/middle-east-studies-minor/
Military Science Minor,https://www.sc.edu/undergraduate/arts-sciences/rotc/military-science-minor/
Music Entrepreneurship Minor,https://www.sc.edu/undergraduate/music/music-entrepreneurship-minor/
Music Industry Studies Minor,https://www.sc.edu/undergraduate/music/music-industry-studies-minor/
Music Minor,https://www.sc.edu/undergraduate/music/music-minor/
Naval Science Minor,https://www.sc.edu/undergraduate/arts-sciences/rotc/naval-science-minor/
Neuroscience Minor,https://www.sc.edu/undergraduate/arts-sciences/interdisciplinary-studies/neuroscience-minor/
Nuclear Engineering Minor,https://www.sc.edu/undergraduate/engineering-computing/mechanical-engineering/nuclear-engineering-minor/
Nutrition and Food Systems Minor,https://www.sc.edu/undergraduate/public-health/health-promotion-education-behavior/nutrition-food-systems-minor/
Philosophy Minor,https://www.sc.edu/undergraduate/arts-sciences/philosophy/philosophy-minor/
Physics Minor,https://www.sc.edu/undergraduate/arts-sciences/physics-astronomy/physics-minor/
Political Science Minor,https://www.sc.edu/undergraduate/arts-sciences/political-science/political-science-minor/
Portuguese Minor,https://www.sc.edu/undergraduate/arts-sciences/languages-literatures-cultures/portuguese-minor/
Professional Writing and Communication Minor,https://www.sc.edu/undergraduate/arts-sciences/english-language-literature/professionals-writing-communication-minor/
Psychology Minor,https://www.sc.edu/undergraduate/arts-sciences/psychology/psychology-minor/
Religious Studies Minor,https://www.sc.edu/undergraduate/arts-sciences/religious-studies/religious-studies-minor/
Renaissance Studies Minor,https://www.sc.edu/undergraduate/arts-sciences/interdisciplinary-studies/renaissance-studies-minor/
Retailing Minor,https://www.sc.edu/undergraduate/hospitality-retail-sport-management/retailing/retailing-minor/
Risk Management and Insurance Minor,https://www.sc.edu/undergraduate/business/risk-management-insurance-minor/
Russian and Eurasian Studies Minor,https://www.sc.edu/undergraduate/arts-sciences/interdisciplinary-studies/russian-eurasian-studies-minor/
Russian Minor,https://www.sc.edu/undergraduate/arts-sciences/languages-literatures-cultures/russian-minor/
Social Media and Mass Communications Minor,https://www.sc.edu/undergraduate/information-communications/journalism-mass-communications/social-media-mass-communications-minor/
Social Work Minor,https://www.sc.edu/undergraduate/social-work/social-work-minor/
Sociology Minor,https://www.sc.edu/undergraduate/arts-sciences/sociology/sociology-minor/
Southern Studies Minor,https://www.sc.edu/undergraduate/arts-sciences/southern-studies/southern-studies-minor/
Spanish Minor,https://www.sc.edu/undergraduate/arts-sciences/languages-literatures-cultures/spanish-minor/
Speech Communication Minor,https://www.sc.edu/undergraduate/arts-sciences/english-language-literature/speech-communication-minor/
Sport and Entertainment Management Minor,https://www.sc.edu/undergraduate/hospitality-retail-sport-management/sport-entertainment-management/sport-entertainment-management-minor/
Sports Media Minor,https://www.sc.edu/undergraduate/information-communications/journalism-mass-communications/sports-media-minor/
Statistics Minor,https://www.sc.edu/undergraduate/arts-sciences/statistics/statistics-minor/
Theatre Minor,https://www.sc.edu/undergraduate/arts-sciences/theatre-dance/theatre-minor/
User Experience and Design Minor,https://www.sc.edu/undergraduate/information-communications/library-information-science/user-experience-design-minor/
Women's and Gender Studies Minor,https://www.sc.edu/undergraduate/arts-sciences/interdisciplinary-studies/womens-gender-studies-minor/
