frequency_hz,wavenumber_per_m,amplitude_m,phase_rad
0.040224609375,0.012069181274394339,1.0059453899742094e-16,1.1242805922284176
0.040673828125,0.012219812745969802,4.755052351558356e-16,4.020693000692235
0.041123046875,0.012371014602294351,2.0652678948068578e-15,2.9359339525740427
0.041572265625,0.012522795552722914,8.286822851588204e-15,2.3279234682275796
0.042021484375,0.012675164389945258,3.0872192762174456e-14,2.230011380197746
0.042470703125,0.012828129990980949,1.0728353911959363e-13,4.9669726274026145
0.042919921875,0.012981701318164823,3.4926708350786937e-13,5.687186455494178
0.043369140625000004,0.013135887420121896,1.0694984241059625e-12,1.1143429690439821
0.043818359375000004,0.013290697432730708,3.091836794471934e-12,4.101567880981347
0.044267578125,0.013446140580073906,8.467783514421628e-12,1.874291564939523
0.044716796875,0.013602226175375032,2.2041359185148326e-11,6.075602688658378
0.045166015625,0.013758963621920122,5.469216167430342e-11,5.77958901349461
0.045615234375,0.013916362413963023,1.2973106651402953e-10,3.995294093866142
0.046064453125,0.014074432137612978,2.949357454435497e-10,4.729555252609795
0.046513671875,0.014233182471703148,6.442169907065414e-10,3.236806135671855
0.046962890625,0.014392623188638633,1.3550186507913622e-09,5.18925295269467
0.047412109375000004,0.014552764155222461,2.7503571565205406e-09,2.817258054883098
0.047861328125000005,0.01471361533345799,5.397917055421642e-09,2.128821428550498
0.048310546875,0.014875186781326122,1.0262749987037493e-08,1.746092267707333
0.048759765625,0.015037488653535602,1.8934657743323603e-08,1.4220925372875146
0.049208984375,0.015200531202244648,3.3955910544981806e-08,3.3038046643744146
0.049658203125,0.015364324777752124,5.9279054440546046e-08,2.707500328378898
0.050107421875,0.015528879829156288,1.0088758367724485e-07,4.166886730559653
0.050556640625,0.01569420690497927,1.6761353080963983e-07,0.08067913014421761
0.051005859375000004,0.01586031665375507,2.7218492087913205e-07,2.812994009744452
0.051455078125,0.016027219824579175,4.325320208760242e-07,2.2944986441391118
0.051904296875000006,0.01619492726761744,6.733740643097233e-07,1.227719328571104
0.052353515625,0.016363449934572095,1.0280975825355538e-06,3.737652500447818
0.052802734375,0.016532798879102487,1.5409238784537023e-06,2.7351532254910658
0.053251953125,0.016702985257198204,2.269347100635359e-06,1.8849022086102352
0.053701171875,0.016874020327502025,3.2868066714693627e-06,1.3158002960379536
0.054150390625,0.0170459154515803,4.685539571166779e-06,5.495425025455701
0.054599609375000004,0.017218682094399106,6.579540395004939e-06,5.010603503913677
0.055048828125000004,0.017392331823662247,9.107541427847068e-06,3.8120693262707372
0.055498046875,0.01756687630973063,1.2435912381681728e-05,2.168330885381503
0.055947265625000006,0.017742327329440095,1.676137090254875e-05,5.9490441992301735
0.056396484375,0.017918696760011656,2.2313391195508202e-05,3.5398044418718055
0.056845703125,0.018095996582992182,2.9356199547295227e-05,2.7191284870748675
0.057294921875,0.018274238882895418,3.819025221275253e-05,5.657691690319078
0.057744140625,0.01845343584724994,4.915310280522809e-05,2.0064837302444065
0.058193359375,0.018633599766050463,6.261958242301939e-05,4.373064741896952
0.058642578125,0.01881474303140596,7.900123543604342e-05,1.971791269349213
0.059091796875000005,0.01899687813704131,9.874497615263611e-05,1.6433862576343636
0.059541015625,0.019180017677709767,0.00012233095538626563,4.403513179582447
0.05999023437500001,0.01936417434851312,0.00015026965011990362,1.43188753349479
0.060439453125,0.019549360944125748,0.00018309821293947825,3.098303536197183
0.060888671875,0.019735590357919372,0.0002213761396986607,3.6444262537648635
0.061337890625,0.01992287558098453,0.00026568033315649205,1.1869336954579208
0.061787109375,0.02011122970104552,0.00031659965644994777,4.594520560610107
0.062236328125000004,0.0203006659012649,0.00037472908277577476,3.4462207328863084
0.062685546875,0.020491197458933966,0.00044066355631037753,3.905020149245911
0.063134765625,0.020682837744045522,0.0005149916841341819,2.338251703448227
0.063583984375,0.020875600217745142,0.0005982893798599017,2.6401521169092192
0.064033203125,0.021069498430657307,0.000691113577050883,3.109106561844855
0.064482421875,0.021264546021082666,0.000793996124729197,2.952914331632231
0.06493164062500001,0.021460756713062655,0.0009074379687718279,4.245166437962986
0.065380859375,0.02165814431430798,0.0010319037122874823,3.6265132158850983
0.065830078125,0.021856722713987146,0.0011678166356913218,2.615505587860463
0.066279296875,0.022056505880371582,0.0013155542436836397,0.011324521700707389
0.066728515625,0.022257507858333754,0.001475444392201375,4.9890442945088695
0.067177734375,0.02245974276636956,0.001647762034118647,3.263387307075002
0.067626953125,0.022663224795749937,0.0018327266084415916,2.0517406337968693
0.06807617187500001,0.022867968202783896,0.0020305000843310788,3.1413100510646546
0.068525390625,0.02307398731161751,0.0022411856587855766,0.5871381163490649
0.068974609375,0.023281296507185172,0.0024648270954526416,5.6844233360127605
0.069423828125,0.02348991023275501,0.0027014086819723768,6.218695746151185
0.069873046875,0.023699842986285878,0.0029508557745937147,0.369044255707908
0.070322265625,0.023911109316651063,0.0032130358915920896,2.250833129226406
0.070771484375,0.0241237238196705,0.0034877603112568895,4.587131028645133
0.071220703125,0.02433770113396548,0.0037747861258708606,1.9744164090237715
0.071669921875,0.02455305593663706,0.004073818700099786,3.5628787101952404
0.072119140625,0.024769802938766513,0.0043845144804541035,2.617392549815457
0.072568359375,0.02498795688073555,0.004706484101859463,4.864518453466119
0.07301757812500001,0.02520753252736561,0.0050392957377549735,6.022209441591901
0.073466796875,0.025428544662877764,0.005382478641392744,5.581953089598487
0.073916015625,0.025651008085669783,0.005735526828005628,3.9014525916516725
0.074365234375,0.025874937602910823,0.006097902850109654,1.0070332064743233
0.074814453125,0.026100348024954333,0.006469041621286242,5.950566566850728
0.075263671875,0.026327254159570202,0.006848354247227779,0.14848692860347293
0.075712890625,0.026555670805997397,0.007235231826518391,1.870563682391978
0.07616210937500001,0.026785612748818886,0.007629049187461789,1.7694297621531834
0.076611328125,0.027017094751661253,0.008029168531171183,4.221207137341599
0.077060546875,0.027250131550721667,0.008434942955027214,3.062192456008798
0.077509765625,0.027484737848125603,0.008845719834424502,0.583635964758027
0.07795898437500001,0.027720928305118988,0.009260844044411416,0.08078849136031085
0.07840820312499999,0.027958717535099407,0.009679661006339177,3.797027821025381
0.078857421875,0.028198120096491246,0.010101519547941735,3.0880808524881687
0.07930664062500001,0.028439150485470188,0.010525774568341917,3.7785953088064996
0.079755859375,0.02868182312854353,0.010951789502307374,3.5438664543385854
0.080205078125,0.028926152374992974,0.01137893858065008,5.594919585912785
0.080654296875,0.02917215248918724,0.011806608885972422,5.770457643532432
0.08110351562500001,0.029419837642772777,0.012234202205014194,1.1828546286097201
0.081552734375,0.02966922190675119,0.012661136680651002,5.919520004644517
0.082001953125,0.029920319243452773,0.013086848268145856,4.949432364585458
0.082451171875,0.030173143498416183,0.013510792001574293,4.015120358869379
0.082900390625,0.030427708392184945,0.013932443077440645,4.144434691608008
0.083349609375,0.030684027512032197,0.014351297763397147,3.430997613346824
0.083798828125,0.030942114303625593,0.014766874140679698,5.763335287130963
0.08424804687500001,0.03120198206264488,0.015178712689406324,1.465635949902314
0.084697265625,0.031463643926365595,0.015586376726257936,3.765613436985985
0.085146484375,0.03172711286522261,0.015989452704295644,5.116040042824873
0.085595703125,0.03199240167436789,0.016387550384778345,0.8467311728000764
0.086044921875,0.03225952296523734,0.01678030289084611,3.8673525458990947
0.086494140625,0.03252848915714257,0.017167366652840365,2.531077374687506
0.086943359375,0.032799312468903136,0.01754842125485849,4.813148285466553
0.08739257812500001,0.03307200491053598,0.017923169191896775,0.4254618757360406
0.087841796875,0.03334657827501865,0.018291335546637578,3.8127272030993815
0.088291015625,0.03362304413014385,0.018652667594591252,5.385184232020827
0.088740234375,0.033901413810482436,0.01900693434592228,3.9480260565974716
0.08918945312500001,0.03418169840947298,0.019353926031881883,2.01902428671651
0.089638671875,0.03446390877165568,0.01969345354334049,4.120488143074736
0.090087890625,0.034748055485068895,0.020025347828474444,2.124676973059912
0.09053710937500001,0.03503414887382649,0.020349459256213846,4.200892384624508
0.090986328125,0.03532219899089417,0.020665656951610156,0.8064116573994691
0.091435546875,0.0356122156110832,0.02097382810883844,1.759240013263218
0.091884765625,0.035904208224279324,0.021273877287109607,0.20557563316160354
0.09233398437500001,0.036198186028925064,0.021565725694341384,0.5272182398647961
0.092783203125,0.03649415792577287,0.021849310463021524,3.485720324100679
0.093232421875,0.036792132511926354,0.02212458392229608,1.4558028603517876
0.093681640625,0.037092118075484,0.022391512869932618,3.242642531936618
0.094130859375,0.03739412258872025,0.02265007784744195,4.144197599266575
0.094580078125,0.037698153706063615,0.02290027242129481,5.536656054978642
0.095029296875,0.038004218756480856,0.023142102472841763,2.230914150014983
0.09547851562500001,0.038312324740687576,0.023375585499235962,2.0023189996351
0.095927734375,0.038622478326955395,0.02360074992736937,1.970826261944615
0.096376953125,0.03893468584760961,0.023817634442563407,0.7404711549320177
0.096826171875,0.03924895329593176,0.024026287333503954,4.166903972780446
0.09727539062500001,0.0395652863234781,0.024226765854679314,5.150041623048714
0.097724609375,0.0398836902378234,0.0244191356073652,2.9719771919988553
0.098173828125,0.04020417000073926,0.02460346994000508,3.507886001543722
0.09862304687500001,0.04052673022681355,0.024779849368653628,6.022308167596129
0.099072265625,0.0408513751825182,0.02494836101798858,4.391413537491815
0.099521484375,0.04117810878572926,0.025109098083246486,4.681192253120734
0.099970703125,0.04150693460570388,0.02526215931330476,5.5888830093761905
0.10041992187500001,0.041837855863515606,0.02540764851501135,1.3558521770795544
0.100869140625,0.04217087543294978,0.02554567407875578,4.085113824867429
0.101318359375,0.042505995841857956,0.025676348525179037,4.507522615318163
0.10176757812500001,0.04284321927397009,0.025799788072835617,5.291874153335138
0.102216796875,0.04318254757116088,0.025916112226545582,2.1600682914598144
0.102666015625,0.043523982236166193,0.02602544338611059,4.327824774599308
0.103115234375,0.04386752443574314,0.026127906475010832,3.797561006029374
0.10356445312500001,0.044213175004267025,0.026223628588652233,2.5720912330464163
0.10401367187499999,0.044560934447741354,0.026312738661692626,0.6389104548480812
0.104462890625,0.044910802948149996,0.026395367153941737,2.218268731868993
0.104912109375,0.04526278036869071,0.02647164575430227,6.053753213082217
0.10536132812500001,0.0456168662585849,0.026541707102197214,1.3604572839926112
0.105810546875,0.04597305985986283,0.026605684525912027,0.7140085716505931
0.106259765625,0.0463313601093573,0.02666371179726773,2.31019795925981
0.10670898437500001,0.04669176565104882,0.02671592290203255,0.634481029267663
0.10715820312499999,0.047054274838745525,0.026762451825475847,1.6788604026077403
0.107607421875,0.04741888574408104,0.026803432352466194,5.7456972704575175
0.108056640625,0.04778559616381147,0.026838997881517588,2.0029668903309914
0.10850585937500001,0.048154403627393316,0.02686928125219159,3.6812523894311964
0.108955078125,0.04852530540482233,0.026894414585270046,1.500077691065501
0.109404296875,0.048898298514713834,0.026914529135120897,4.197041646471616
0.10985351562500001,0.0492733797326034,0.02692975515369025,0.8020887393436112
0.11030273437500002,0.04965054559944773,0.02694022176556462,4.9625187124692225
0.110751953125,0.05002979243030407,0.02694605685356075,2.6574483742385913
0.111201171875,0.05041111632316737,0.026947386954313146,1.1539722456837964
0.11165039062500001,0.05079451316794334,0.02694433716334492,4.764222530057902
0.11209960937499999,0.05117997865553646,0.026937031049121738,3.482659905242105
0.112548828125,0.05156750828703132,0.026925590575605195,2.752946291325593
0.11299804687500001,0.05195709738294622,0.026910136032837036,1.5118980104490807
0.11344726562500002,0.05234874109253826,0.02689078597510275,4.909466699652304
0.113896484375,0.052742434403139145,0.02686765716623884,2.2951537012114454
0.114345703125,0.053138172149501665,0.026840864531664746,0.27074679427151266
0.11479492187500001,0.053535949023136825,0.02681052111673698,6.065594012290778
0.11524414062499999,0.05393575958162287,0.026776738051038997,0.19141603479638586
0.115693359375,0.05433759825786711,0.02673962451823668,0.7569295384958031
0.116142578125,0.054741459369302733,0.02669928773114528,2.926786450650303
0.11659179687500001,0.05514733712700341,0.026655832911669165,1.3059911149094454
0.117041015625,0.05555522564469884,0.026609363275291124,2.105715544082033
0.117490234375,0.05596511894767583,0.026559980019802962,3.566117588981393
0.11793945312500001,0.05637701098154922,0.026507782317983914,6.018298481033665
0.11838867187500002,0.05679089562088952,0.026452867313947272,5.883023210389528
0.118837890625,0.05720676667769287,0.026395330122889877,0.4643021096904795
0.119287109375,0.057624617909681757,0.02633526383399217,5.36152782742852
0.11973632812500001,0.058044443028424306,0.026272759516229777,1.0544671241240968
0.120185546875,0.05846623570726214,0.026207906226869825,5.098383102274843
0.120634765625,0.0588899895890366,0.026140791022437514,1.8620044850073538
0.12108398437500001,0.059315698293604655,0.02607149897194997,4.510286286668607
0.12153320312500002,0.0597433554251368,0.02600011317222566,4.51631090472948
0.121982421875,0.060172954579189634,0.025926714765088316,5.344171178304218
0.122431640625,0.06060448934954724,0.025851382956294765,6.155170740037034
0.12288085937500001,0.0610379533348258,0.02577419503602582,1.7308972471181139
0.12333007812499999,0.061473340144837386,0.025695226400788824,3.9477784759195864
0.123779296875,0.06191064340670921,0.025614550576589613,4.644912569320504
0.12422851562500001,0.06234985677075525,0.02553223924324026,0.5003258838754957
0.12467773437500002,0.06279097391609868,0.025448362259676973,4.165508936697354
0.125126953125,0.06323398855604362,0.02536298769017078,2.020141561815057
0.125576171875,0.06367889444319569,0.025276181831320688,1.0145399164116402
0.126025390625,0.06412568537433136,0.025188009239726503,3.4524316189004365
0.126474609375,0.06457435519501709,0.02509853276024491,2.902100230785029
0.126923828125,0.06502489780397962,0.02500781355473901,3.6258995275233317
0.127373046875,0.065477307157229,0.024915911131237766,4.0332871724424955
0.12782226562500001,0.06593157727193764,0.024822883373427203,3.1332288627728806
0.128271484375,0.06638770223007745,0.024728786570400924,5.687229625764789
0.128720703125,0.06684567618181944,0.02463367544660278,1.117867877268993
0.129169921875,0.06730549334869904,0.024537603191899245,1.814531445892186
0.12961914062500002,0.06776714802655179,0.024440621491723605,2.238206581962109
0.130068359375,0.06823063458822415,0.024342780557238913,4.86558573070229
0.130517578125,0.0686959474860641,0.02424412915547004,4.097253306731641
0.130966796875,0.06916308125419714,0.024144714639359972,1.2969919504392897
0.131416015625,0.06963203051059316,0.024044582977708208,4.677466349028687
0.131865234375,0.07010278995893013,0.02394377878495337,4.847710180520515
0.132314453125,0.07057535439025998,0.023842345350764942,4.8395698594653025
0.13276367187500002,0.07104971868448395,0.023740324669412293,0.4924314846880629
0.133212890625,0.07152587781164259,0.023637757468881804,1.3329095829796778
0.133662109375,0.07200382683302763,0.02353468323971602,5.625870046748279
0.134111328125,0.07248356090212149,0.023431140263550827,5.525634597248611
0.134560546875,0.07296507526537195,0.023327165641329344,1.2916511017692742
0.135009765625,0.07344836526280771,0.023222795321173204,3.4643954350594943
0.135458984375,0.07393342632850179,0.023118064125894275,1.650487589920528
0.13590820312500002,0.07442025399088956,0.023013005780131483,2.6155943603069236
0.136357421875,0.07490884387294766,0.022907652937099433,0.13160033710239583
0.136806640625,0.07539919169224088,0.02280203720493713,1.7703517796118007
0.137255859375,0.0758912932608426,0.022696189172646753,1.7007382628990684
0.13770507812500002,0.07638514448513627,0.02259013843561378,5.7750671961308315
0.138154296875,0.07688074136550349,0.02248391362070125,3.6943258262065672
0.138603515625,0.07737807999590549,0.02237754241091212,1.1153690233115698
0.13905273437500001,0.07787715656336346,0.022271051569615005,2.6864672515667074
0.139501953125,0.0783779673473444,0.022164466964329454,3.0972092516494127
0.139951171875,0.07888050871905826,0.02205781359006808,4.004651725193653
0.140400390625,0.07938477714067149,0.02195111559223389,3.34546850700657
0.14084960937500002,0.07989076916444361,0.021844396289071682,2.6451751932157337
0.141298828125,0.08039848143179121,0.021737678193673605,1.9527700851606846
0.141748046875,0.08090791067228567,0.0216309830355393,3.6128284653395
0.142197265625,0.08141905370258865,0.02152433178169209,6.131333370571395
0.142646484375,0.08193190742533152,0.02141774465735294,3.4745195696933155
0.143095703125,0.08244646882794232,0.021311241166174756,5.573261687551153
0.143544921875,0.08296273498142595,0.02120484011003999,0.09595954035075639
0.14399414062500002,0.0834807030390282,0.021098559608424883,1.276098617343786
0.144443359375,0.08400037023507295,0.02099241711733435,5.433497461801954
0.144892578125,0.084521733883674,0.020886429447811633,3.5781037392345287
0.145341796875,0.08504479137714656,0.02078061278402737,3.0634177560889504
0.145791015625,0.0855695401857245,0.020674982700952974,2.3172656878673425
0.146240234375,0.08609597785214458,0.0205695541816234,1.8552091889412168
0.146689453125,0.08662410199621076,0.020464341633994895,4.26521340378097
0.14713867187500002,0.08715391030934287,0.020359358907403147,2.2979811275407673
0.147587890625,0.08768540055411135,0.020254619308627837,2.7346603187518492
0.148037109375,0.08821857056276261,0.020150135617569447,4.8810817486142275
0.148486328125,0.08875341823573635,0.020045920102544534,5.945042950846166
0.14893554687500002,0.08928994154017855,0.01994198453520566,6.243330141753201
0.149384765625,0.08982813850845218,0.01983834020509234,3.046812292390724
0.149833984375,0.09036800723664819,0.01973499793381942,0.8681417762860731
0.15028320312500001,0.09090954588309857,0.019631968088909418,0.15659961262223882
0.150732421875,0.09145275266689437,0.019529260597275305,3.108019744460439
0.151181640625,0.09199762586640987,0.019426884958360285,0.4797525606304359
0.151630859375,0.09254416381783509,0.019324850256941226,0.7396130946079224
0.15208007812500002,0.09309236491371842,0.01922316517560234,1.4755374538022041
0.152529296875,0.09364222760152068,0.01912183800688556,6.23287645780958
0.152978515625,0.09419375038218247,0.019020876665124344,1.0193120890181577
0.153427734375,0.09474693180870561,0.01892028869796749,0.6919805119331183
0.153876953125,0.0953017704847505,0.01882008129759923,5.754918802290052
0.154326171875,0.09585826506325046,0.01872026131166236,3.9085794563958878
0.154775390625,0.09641641424504341,0.018620835253890706,4.648933221782649
0.15522460937500002,0.09697621677752291,0.018521809314457263,2.228856035376438
0.155673828125,0.09753767145330863,0.018423189370044408,5.867442699847555
0.156123046875,0.09810077710893757,0.018324980993642385,6.133021170404191
0.156572265625,0.09866553262357602,0.018227189464082236,3.5088806601213807
0.157021484375,0.09923193691775366,0.01812981977530931,6.20050032601306
0.157470703125,0.09979998895212003,0.018032876645403283,3.1779996460852216
0.157919921875,0.10036968772622357,0.017936364525350777,2.762969690991761
0.15836914062500002,0.1009410322773141,0.017840287607576284,4.935027377732123
0.158818359375,0.1015140216791687,0.017744649834237253,4.0479274901210776
0.159267578125,0.1020886550409417,0.017649454905288933,1.2599693907555884
0.159716796875,0.10266493150603828,0.01755470628632466,3.235458955857608
0.16016601562500002,0.1032428502510129,0.017460407216197,0.10341783400959795
0.160615234375,0.10382241048449138,0.01736656071442512,5.501933113428822
0.161064453125,0.10440361144611839,0.01727316958839377,3.408288022089049
0.16151367187500001,0.10498645240552819,0.017180236440349037,0.2902016591263708
0.161962890625,0.10557093266134077,0.01708776367419593,5.892113106040029
0.162412109375,0.10615705154018212,0.01699575350210285,6.279644529759372
0.162861328125,0.10674480839572845,0.016904207950917884,4.632626615068712
0.16331054687500002,0.107334202607775,0.01681312886840165,2.7100851876137315
0.163759765625,0.10792523358132877,0.016722517929281477,3.7159969432637574
0.164208984375,0.10851790074572497,0.016632376641131468,0.06428893729528892
0.164658203125,0.10911220355376708,0.016542706350083085,0.6814071929270579
0.16510742187500002,0.1097081414808905,0.016453508246370516,2.0797308065975084
0.165556640625,0.1103057140243489,0.016364783369715315,2.5840773808147417
0.166005859375,0.11090492070242419,0.016276532614554366,4.749766596444934
0.16645507812500002,0.11150576105365793,0.016188756735115557,1.0727268237573726
0.16690429687500002,0.11210823463610593,0.01610145635034494,0.7295075719317913
0.167353515625,0.11271234102661429,0.016014631948689545,4.382295138052524
0.167802734375,0.113318079820117,0.01592828389273954,5.579670368605632
0.16825195312500002,0.11392545062895489,0.015842412423733736,5.527112354843153
0.168701171875,0.11453445308221508,0.015757017665931853,4.6615969734790434
0.169150390625,0.11514508682509128,0.015672099630857344,6.179935608514299
0.16959960937500002,0.11575735151826386,0.015587658221414244,3.2804014531256134
0.17004882812500002,0.11637124683729959,0.015503693235881438,4.866130815228934
0.170498046875,0.11698677247207068,0.015420204371787708,2.621203126234126
0.170947265625,0.11760392812619296,0.015337191229670852,2.2195707764641646
0.17139648437500002,0.11822271351648155,0.015254653316724046,5.722863986951771
0.17184570312500003,0.11884312837242599,0.015172590050332538,2.706211917628688
0.172294921875,0.11946517243568175,0.015091000761503747,4.690215851654241
0.17274414062500001,0.12008884545957947,0.015009884698193636,3.122885196304829
0.17319335937500002,0.12071414720865115,0.014929241028532365,0.7050545957817139
0.173642578125,0.12134107745817195,0.014849068843951934,0.7971859085350722
0.174091796875,0.12196963599371928,0.014769367162218543,3.205194739270258
0.17454101562500002,0.12259982261074599,0.014690134930372434,4.446471370303342
0.17499023437500003,0.12323163711416953,0.014611371027577714,4.665165889598122
0.175439453125,0.12386507931797583,0.014533074267884716,2.10924698341051
0.175888671875,0.12450014904483715,0.014455243402907379,0.05787227099351214
0.17633789062500002,0.12513684612574424,0.01437787712441806,3.351177260722318
0.176787109375,0.12577517039965186,0.014300974066862053,1.191084538057671
0.177236328125,0.12641512171313724,0.014224532809794152,2.011373076441004
0.17768554687500002,0.1270566999200718,0.014148551880239453,3.55910489600251
0.17813476562500002,0.12769990488130503,0.014073029754980548,2.4619591744917098
0.178583984375,0.12834473646435993,0.013997964862773207,2.8839923374380576
0.179033203125,0.1289911945431412,0.013923355586492587,0.31704292452496624
0.17948242187500002,0.1296392789976535,0.013849200265212002,1.1499197654603959
0.179931640625,0.13028898971373148,0.013775497196216136,5.289785962009478
0.180380859375,0.13094032658278001,0.013702244636950571,3.2162458634397346
0.18083007812500002,0.13159328950152493,0.013629440806909537,5.561358565621719
0.18127929687500002,0.13224787837177343,0.01355708388946361,5.386581052601019
0.181728515625,0.13290409310018428,0.013485172033629077,1.2137227530980548
0.182177734375,0.13356193359804702,0.0134137033557807,2.510740989014113
0.18262695312500002,0.13422139978107067,0.013342675941309522,3.303562489893811
0.18307617187500003,0.13488249156918022,0.013272087846227245,0.6127057554162765
0.183525390625,0.13554520888632254,0.013201937098718813,0.5363085812370921
0.18397460937500001,0.13620955166027945,0.013132221700644642,5.287215979951132
0.18442382812500002,0.136875519822489,0.013062939628994037,5.1943948714271135
0.184873046875,0.13754311330787414,0.01299408883729114,2.4082780944503486
0.185322265625,0.1382123320546789,0.012925667256954838,4.439602493558109
0.18577148437500002,0.13888317600431108,0.012857672798614037,3.2542697064496022
0.18622070312500003,0.13955564510119195,0.012790103353379472,4.697645610213608
0.186669921875,0.14022973929261226,0.01272295679407348,1.9803664108423198
0.187119140625,0.14090545852859507,0.012656230976418851,2.978457426771746
0.18756835937500002,0.1415828027617633,0.012589923740188084,5.610610097089707
0.188017578125,0.1422617719472146,0.012524032910314082,5.1311260251436
0.188466796875,0.14294236604240057,0.012458556297963524,1.9475597122499049
0.18891601562500002,0.14362458500701183,0.012393491701574022,5.540331099481973
0.18936523437500002,0.14430842880286832,0.01232883690785604,2.5052249631462367
0.189814453125,0.1449938973938141,0.012264589692760737,4.287519643360334
0.190263671875,0.14568099074561736,0.012200747822414666,4.47055263877338
0.19071289062500002,0.14636970882587458,0.012137309054022365,2.5238610948645124
0.19116210937500003,0.14706005160391927,0.012074271136737773,5.196783655885567
0.191611328125,0.1477520190507349,0.012011631812505407,2.9238910714009707
0.19206054687500002,0.14844561113887192,0.011949388816872183,6.036185137354111
0.19250976562500002,0.1491408278423545,0.011887539879770835,5.885452984059636
0.192958984375,0.14983766913653912,0.01182608272627569,5.656534441616762
0.193408203125,0.15053613499833685,0.011765015077331676,5.707353120222245
0.19385742187500002,0.15123622540580708,0.01170433465045737,0.9239206969326602
0.19430664062500003,0.15193794033821545,0.01164403916042289,4.073603298206904
0.194755859375,0.15264127977597106,0.011584126319903312,4.656559989184912
0.19520507812500001,0.15334624370156796,0.011524593840108434,3.322291830675259
0.19565429687500002,0.15405283209552784,0.011465439431389583,3.3251935213673884
0.196103515625,0.15476104494234666,0.011406660803824133,1.2656277249312
0.196552734375,0.15547088222644373,0.011348255667778424,1.0102514028438025
0.19700195312500002,0.15618234393311253,0.011290221734449773,4.9205781112621345
0.19745117187500003,0.15689543004847492,0.011232556716388165,0.9399995607231101
0.197900390625,0.15761014055943687,0.01117525832799827,4.575396510818584
0.198349609375,0.15832647545364664,0.011118324286022373,0.4842355909167234
0.19879882812500002,0.15904443471945523,0.01106175231000486,2.590256405517259
0.199248046875,0.15976401834587847,0.011005540122738718,0.15086764524612986
0.199697265625,0.16048522632256115,0.010949685450694701,4.149243866793825
0.20014648437500002,0.16120805863974313,0.010894186024433655,1.8404447279332456
0.20059570312500002,0.16193251528822658,0.010839039579002516,2.9386462977487713
0.201044921875,0.1626585962593458,0.01078424385431451,1.799810388704549
0.201494140625,0.16338630154493802,0.010729796595514,3.240706336999185
0.20194335937500002,0.16411563113731514,0.01067569555332655,4.132116459796383
0.20239257812500003,0.1648465850292385,0.010621938484394524,1.0487475634928947
0.202841796875,0.1655791632138931,0.010568523151598813,4.882342989847228
0.20329101562500002,0.16631336568486468,0.010515447324367029,4.916689052120311
0.20374023437500002,0.16704919243611716,0.010462708778968637,5.919801253771598
0.204189453125,0.16778664346197117,0.010410305298797419,2.391978738522588
0.204638671875,0.16852571875708475,0.010358234674641642,5.486045516898886
0.20508789062500002,0.16926641831643338,0.010306494704942396,0.5886433129520948
0.20553710937500003,0.17000874213529288,0.010255083196040383,6.244897520148111
0.205986328125,0.17075269020922185,0.010203997962411577,1.3333388880761372
0.20643554687500001,0.17149826253404565,0.01015323682689209,2.348963451262573
0.20688476562500002,0.17224545910584127,0.010102797620892622,0.587499533210248
0.207333984375,0.1729942799209228,0.010052678184602763,5.247350273785404
0.207783203125,0.17374472497582782,0.010002876367185514,3.053206950322383
0.20823242187500002,0.17449679426730447,0.009953390026962359,6.0469466105756595
0.20868164062500003,0.17525048779229904,0.009904217031589148,0.9086472720476496
0.209130859375,0.17600580554794493,0.009855355258223104,5.603481405653147
0.209580078125,0.17676274753155144,0.009806802593681246,2.2590948917291325
0.21002929687500002,0.17752131374059324,0.009758556934590528,1.4846581519998983
0.21047851562500003,0.17828150417270103,0.009710616187529898,4.12882655349364
0.210927734375,0.17904331882565225,0.009662978269164624,0.1896797464974676
0.21137695312500002,0.17980675769736226,0.009615641106373064,3.301623654403533
0.21182617187500002,0.1805718207858764,0.009568602636366202,2.9757491590611793
0.212275390625,0.18133850808936183,0.009521860806800108,0.30476673636276636
0.212724609375,0.1821068196061008,0.009475413575881622,2.728047428411279
0.21317382812500002,0.18287675533448347,0.009429258912467476,1.9158637283578703
0.21362304687500003,0.18364831527300116,0.009383394796157025,1.5623027116480088
0.214072265625,0.18442149942024075,0.00933781921737886,5.845208014531666
0.21452148437500002,0.18519630777487864,0.009292530177471472,3.759209945776224
0.21497070312500002,0.18597274033567535,0.009247525688758192,0.9686001574814196
0.215419921875,0.18675079710147036,0.009202803774616575,4.757198303907243
0.215869140625,0.1875304780711774,0.009158362469542426,2.322055997803303
0.21631835937500002,0.18831178324377967,0.009114199819208675,3.7626896920853126
0.21676757812500003,0.18909471261832594,0.00907031388051923,2.3872015961167166
0.217216796875,0.18987926619392603,0.009026702721658038,4.012101922164429
0.21766601562500001,0.19066544396974763,0.008983364422133442,4.284736774904054
0.21811523437500002,0.19145324594501203,0.008940297072818104,1.7814983362244354
0.218564453125,0.1922426721189913,0.008897498775984544,5.221689452230252
0.219013671875,0.1930337224910051,0.008854967645336505,3.8838300443383145
0.21946289062500002,0.19382639706041727,0.008812701806036289,3.803014739906476
0.21991210937500003,0.19462069582663344,0.008770699394728196,1.3697716565447324
0.220361328125,0.19541661878909838,0.008728958559558193,1.5956937363707464
0.220810546875,0.1962141659472934,0.008687477460189974,2.4842272863043706
0.22125976562500002,0.19701333730073411,0.00864625426781753,0.2128284395298616
0.22170898437500003,0.197814132848968,0.008605287165174346,0.3438859154322407
0.222158203125,0.19861655259157288,0.008564574346539365,4.1637542368786775
0.22260742187500002,0.19942059652815472,0.008524114017739809,1.988493439916619
0.22305664062500002,0.20022626465834545,0.00848390439615103,4.525429509372079
0.223505859375,0.20103355698180198,0.008443943710693432,0.4701484044452043
0.223955078125,0.20184247349820408,0.0084042302018266,4.650381795151543
0.22440429687500002,0.20265301420725318,0.008364762121540794,1.3457252785222822
0.22485351562500003,0.20346517910867087,0.008325537733345807,5.463553557845039
0.225302734375,0.20427896820219732,0.008286555312257386,5.695910066293518
0.22575195312500002,0.20509438148759068,0.008247813144781218,4.331083235437572
0.22620117187500002,0.20591141896462545,0.008209309528894686,2.477376219867154
0.226650390625,0.20673008063309128,0.008171042774026374,0.16115049039447205
0.227099609375,0.20755036649279265,0.008133011201033453,4.782215104700635
0.22754882812500002,0.20837227654354687,0.00809521314217708,3.5362870925308476
0.22799804687500003,0.20919581078518426,0.008057646941095805,0.5170511691993911
0.228447265625,0.21002096921754668,0.008020310952777132,3.586047507007858
0.22889648437500001,0.21084775184048693,0.007983203543527261,0.03867721112333955
0.22934570312500002,0.21167615865386796,0.007946323090939142,2.836082870750524
0.229794921875,0.21250618965756224,0.007909667983858863,3.853205371799859
0.230244140625,0.21333784485145113,0.007873236622350458,5.043252880830344
0.23069335937500002,0.21417112423542442,0.00783702741765923,1.8259307698690084
0.23114257812500003,0.2150060278093793,0.007801038792173592,1.4579849774819902
0.231591796875,0.21584255557322027,0.0077652691793855646,2.0803229499588114
0.232041015625,0.21668070752685883,0.0077297170238499234,0.37193093447443737
0.23249023437500002,0.21752048367021243,0.00769438078114212,5.852783763306118
0.23293945312500003,0.21836188400320433,0.00765925891781497,5.533193401299219
0.233388671875,0.21920490852576327,0.007624349911354215,3.783333137404595
0.23383789062500002,0.22004955723782327,0.007589652250132981,0.46864660797181473
0.23428710937500002,0.2208958301393229,0.00755516443336521,0.5254480309107505
0.234736328125,0.22174372723020475,0.007520884971058093,5.856446494659344
0.235185546875,0.22259324851041623,0.007486812383963558,0.785395390359311
0.23563476562500002,0.22344439397990792,0.00745294520352889,0.915263698537219
0.23608398437500003,0.22429716363863417,0.007419281971846468,4.935254829993334
0.236533203125,0.22515155748655263,0.007385821241602739,1.894577675724117
0.23698242187500002,0.22600757552362416,0.007352561576026395,2.5858711944750605
0.23743164062500002,0.22686521774981208,0.007319501548835865,2.5762531965049393
0.237880859375,0.22772448416508265,0.007286639744186114,4.39864475691908
0.238330078125,0.2285853747694045,0.007253974756614793,2.9677511073736884
0.23877929687500002,0.22944788956274864,0.00722150519098782,5.103234617458801
0.23922851562500003,0.23031202854508806,0.0071892296624443625,3.1160775440152224
0.239677734375,0.23117779171639763,0.007157146796341312,1.8250115933764375
0.24012695312500001,0.23204517907665453,0.007125255228197252,1.2225626413842916
0.24057617187500002,0.23291419062583715,0.007093553603635974,4.743888171177393
0.24102539062500003,0.23378482636392559,0.007062040578329555,1.3792093870901947
0.241474609375,0.2346570862909015,0.007030714817941037,3.8258806107267
0.24192382812500002,0.23553097040674795,0.006999574998066733,3.778733901978906
0.24237304687500003,0.2364064787114491,0.006968619804178205,6.052263103710633
0.242822265625,0.2372836112049902,0.006937847931563909,0.5631036567064608
0.243271484375,0.23816236788735798,0.0069072580852705635,1.3038892710351475
0.24372070312500002,0.23904274875853992,0.006876848980044262,4.156660449043276
0.24416992187500003,0.23992475381852446,0.006846619340271334,2.079102782290695
0.244619140625,0.24080838306730082,0.006816567899919008,0.8079100112708737
0.24506835937500002,0.2416936365048592,0.006786693402475873,5.625766850575236
0.24551757812500002,0.2425805141311905,0.00675699460089219,4.596001731281602
0.245966796875,0.24346901594628614,0.006727470257520038,1.3983364131359168
0.246416015625,0.2443591419501384,0.006698119144053349,0.5982239845752846
0.24686523437500002,0.2452508921427401,0.006668940041467839,5.293032501774341
0.24731445312500003,0.2461442665240845,0.00663993173996085,3.5811765531829067
0.247763671875,0.24703926509416552,0.0066110930388911275,5.84071475901789
0.24821289062500002,0.24793588785297754,0.00658242274671854,3.2495474351879094
0.24866210937500002,0.248834134800515,0.006553919680943796,1.4506515322529605
0.249111328125,0.2497340059367734,0.006525582668048118,0.8391954629073073
0.249560546875,0.2506355012617483,0.00649741054343292,2.625824294281789
0.250009765625,0.2515386207754351,0.006469402151359534,4.297808635392562
0.250458984375,0.2524433644778305,0.006441556344888926,0.027018895341518585
0.250908203125,0.25334973236893077,0.006413871985821497,2.484068657121019
0.251357421875,0.2542577244487327,0.00638634794463692,2.5373289908817696
0.251806640625,0.2551673407172334,0.0063589831004340494,4.2160884064732524
0.252255859375,0.2560785811744298,0.0063317763408709555,1.2249819040063379
0.252705078125,0.2569914458203197,0.006304726562104999,5.50451925530757
0.253154296875,0.2579059346549007,0.00627783266873306,2.0425889169284503
0.253603515625,0.2588220476781704,0.006251093573731888,5.194987757056928
0.254052734375,0.2597397848901271,0.006224508198398554,5.200106306095345
0.254501953125,0.2606591462907689,0.006198075472291074,5.559865624715745
0.254951171875,0.2615801318800941,0.00617179433316919,1.6262710579234527
0.25540039062500003,0.2625027416581011,0.006145663726935277,5.277032292865514
0.255849609375,0.2634269756247884,0.006119682607575477,1.4483205064121045
0.256298828125,0.2643528337801549,0.006093849937100963,2.5097744012242877
0.256748046875,0.2652803161241993,0.006068164685489419,1.1164159757402345
0.257197265625,0.26620942265692027,0.006042625830626732,3.04188422419795
0.257646484375,0.26714015337831715,0.006017232358248845,0.47246051453263466
0.258095703125,0.2680725082883888,0.005991983261883862,6.01201663964673
0.258544921875,0.26900648738713434,0.005966877542794372,0.08166011931240247
0.258994140625,0.269942090674553,0.005941914209919962,3.1202055976959344
0.259443359375,0.27087931815064414,0.005917092279820007,5.265908046026412
0.259892578125,0.2718181698154069,0.005892410776616687,0.832615814970744
0.26034179687500003,0.27275864566884084,0.00586786873193822,3.751701434598965
0.260791015625,0.27370074571094527,0.005843465184862399,3.33688994897659
0.261240234375,0.27464446994171965,0.005819199181860326,4.759742611936599
0.261689453125,0.2755898183611637,0.005795069776740456,4.389400216948723
0.262138671875,0.27653679096927675,0.005771076030592886,5.183712499141285
0.262587890625,0.27748538776605847,0.005747217011733904,4.9843482704864
0.263037109375,0.2784356087515086,0.00572349179565083,3.6622170450471336
0.263486328125,0.2793874539256267,0.005699899464947138,2.1988898425729757
0.263935546875,0.2803409232884123,0.005676439109287834,0.6749922499606587
0.264384765625,0.2812960168398655,0.0056531098253451515,1.0292975498798012
0.264833984375,0.2822527345799857,0.005629910716744523,5.473958631529147
0.265283203125,0.28321107650877264,0.005606840894010834,1.6744728172125076
0.265732421875,0.2841710426262265,0.00558389947451499,5.617360368905268
0.266181640625,0.28513263293234664,0.005561085582420777,1.9231972130838375
0.26663085937500003,0.2860958474271332,0.00553839834863201,0.35975671248111063
0.267080078125,0.28706068611058566,0.005515836910740011,1.8221079248301486
0.267529296875,0.2880271489827041,0.005493400412971363,2.4168308432041883
0.267978515625,0.28899523604348837,0.00547108800613599,0.6514413282962634
0.268427734375,0.2899649472929383,0.005448898847575555,2.7002698418604782
0.268876953125,0.2909362827310538,0.00542683210111214,5.013623154626979
0.269326171875,0.2919092423578347,0.00540488693699727,2.6001070295988016
0.269775390625,0.2928838261732809,0.005383062531861237,3.102223139593273
0.270224609375,0.29386003417739237,0.005361358068662738,6.275475525749306
0.270673828125,0.29483786637016907,0.005339772736638833,1.3528924893286978
0.271123046875,0.29581732275161066,0.005318305731255242,3.4175165857120584
0.27157226562500003,0.29679840332171736,0.005296956254156914,6.206255781742602
0.272021484375,0.297781108080489,0.005275723513118971,3.114728476956995
0.272470703125,0.2987654370279255,0.005254606721997933,3.7159970979808596
0.272919921875,0.2997513901640269,0.005233605100683282,3.4350577198805987
0.273369140625,0.30073896748879303,0.005212717875049352,0.7242577515878152
0.273818359375,0.3017281690022238,0.005191944276907527,4.499612204328983
0.274267578125,0.3027189947043195,0.005171283543958773,5.730727662428192
0.274716796875,0.3037114445950796,0.005150734919746498,5.8218511147947805
0.275166015625,0.3047055186745044,0.005130297653609717,3.686148473439723
0.275615234375,0.3057012169425939,0.005109971000636554,2.2148937392721533
0.276064453125,0.3066985393993479,0.0050897542216180765,4.244356414241889
0.276513671875,0.30769748604476627,0.0050696465830024256,5.93520431098897
0.276962890625,0.3086980568788494,0.005049647356849291,6.145808860543015
0.277412109375,0.3097002519015969,0.005029755820784715,1.7778594915724408
0.27786132812500003,0.3107040711130089,0.005009971257956183,5.8790920197845535
0.278310546875,0.3117095145130853,0.004990292956988084,4.588541688917346
0.278759765625,0.3127165821018261,0.004970720211937452,5.4779141673870555
0.279208984375,0.31372527387923144,0.0049512523222500476,1.0523142097483251
0.279658203125,0.31473558984530114,0.0049318885927167695,6.133938938216721
0.280107421875,0.31574753000003514,0.004912628333430354,4.734491384775534
0.280556640625,0.31676109434343364,0.004893470859742423,1.0462595434001731
0.281005859375,0.3177762828754965,0.004874415492220841,3.393679151276494
0.281455078125,0.3187930955962236,0.004855461556607383,0.7007851304039714
0.281904296875,0.3198115325056152,0.004836608383775717,4.552719408421055
0.282353515625,0.32083159360367103,0.004817855309689727,3.7396302484323187
0.28280273437500003,0.3218532788903913,0.004799201675362107,3.633485240059655
0.283251953125,0.3228765883657758,0.004780646826813313,5.323298275006916
0.283701171875,0.32390152202982464,0.004762190115030789,4.836351158019139
0.284150390625,0.3249280798825379,0.004743830895928533,0.5762645697527345
0.284599609375,0.3259562619239154,0.00472556853030696,4.788661107954789
0.285048828125,0.32698606815395714,0.004707402383813066,3.402129128330781
0.285498046875,0.32801749857266327,0.00468933182690091,1.1861437863010516
0.285947265625,0.32905055318003373,0.0046713562347924144,2.1813917449788076
0.286396484375,0.3300852319760683,0.004653474987438431,3.1993607825387325
0.286845703125,0.3311215349607675,0.004635687469480149,5.3962871845828255
0.287294921875,0.3321594621341307,0.004617993070210794,5.541159145106495
0.287744140625,0.3331990134961583,0.004600391183537611,0.6415268120032785
0.288193359375,0.3342401890468503,0.004582881207944166,2.7781383810514417
0.288642578125,0.3352829887862063,0.004565462546452943,5.300050235764216
0.28909179687500003,0.33632741271422684,0.004548134606588222,3.784762937072471
0.289541015625,0.3373734608309116,0.0045308968003392736,5.3731405458542465
0.289990234375,0.3384211331362605,0.004513748544123824,3.7526959866685234
0.29043945312499997,0.3394704296302738,0.004496689258751829,1.4013757991794815
0.290888671875,0.34052135031295144,0.004479718369389527,3.1595158839235804
0.291337890625,0.34157389518429326,0.004462835305523797,3.2368133264367382
0.29178710937499996,0.3426280642442993,0.004446039500926773,5.617657226624322
0.292236328125,0.34368385749296976,0.00442933039362077,2.235257459953317
0.292685546875,0.3447412749303044,0.0044127074258434925,1.4764833274297902
0.293134765625,0.3458003165563034,0.004396170044013501,4.705213395713844
0.293583984375,0.3468609823709665,0.004379717698695989,2.636304736675347
0.294033203125,0.347923272374294,0.0043633498445688175,3.043264939053058
0.294482421875,0.3489871865662858,0.00434706594038883,6.136073852699117
0.294931640625,0.35005272494694184,0.004330865448958456,4.238922040657784
0.29538085937499997,0.35111988751626205,0.004314747837092566,4.221351483394429
0.295830078125,0.35218867427424666,0.004298712575585612,5.867793424491215
0.296279296875,0.35325908522089544,0.004282759139179043,4.500613053369621
0.29672851562499997,0.35433112035620845,0.004266887006528969,5.999011762165841
0.297177734375,0.35540477968018597,0.0042510956601741106,3.979160135788052
0.297626953125,0.35648006319282755,0.004235384586504008,3.6908366993817774
0.298076171875,0.35755697089413346,0.004219753275727479,1.7858473070954934
0.298525390625,0.35863550278410367,0.004204201221841366,1.4501345620570574
0.298974609375,0.35971565886273804,0.004188727922599514,3.339527848821715
0.299423828125,0.3607974391300368,0.004173332879482017,0.3710617957005027
0.299873046875,0.3618808435859997,0.004158015597664739,1.057384657774537
0.300322265625,0.3629658722306269,0.00414277558598905,4.450815090023944
0.300771484375,0.36405252506391855,0.004127612356931846,4.266353478546685
0.301220703125,0.3651408020858741,0.004112525426575817,0.17808519662500608
0.30166992187499997,0.36623070329649426,0.00409751431457994,1.0251971741520547
0.302119140625,0.3673222286957786,0.004082578544150246,3.881904852295093
0.302568359375,0.36841537828372706,0.004067717642010823,2.561366577191695
0.30301757812499996,0.3695101520603399,0.004052931138375056,3.7005818148117027
0.303466796875,0.37060655002561704,0.004038218566917112,0.8086565345343228
0.303916015625,0.37170457217955827,0.0040235794647436735,5.419157272799567
0.304365234375,0.37280421852216405,0.0040090133723658964,1.6269376399731852
0.304814453125,0.3739054890534339,0.00399451983367162,2.352451353096203
0.305263671875,0.37500838377336804,0.003980098395897791,2.8234751208754094
0.305712890625,0.3761129026819665,0.003965748609603139,3.7248560713803895
0.306162109375,0.3772190457792291,0.00395147002864108,6.160780311385624
0.30661132812499997,0.3783268130651561,0.003937262210132839,1.3158823425159045
0.307060546875,0.3794362045397473,0.003923124714440807,1.0202962787992684
0.307509765625,0.38054722020300263,0.003909057105142131,0.9131769431783596
0.30795898437499997,0.38165986005492236,0.003895058949002511,4.867791308470922
0.308408203125,0.3827741240955065,0.0038811298159502367,2.4030400319382474
0.308857421875,0.3838900123247547,0.003867269279050438,5.824303595455333
0.309306640625,0.38500752474266736,0.0038534769144795474,0.41820461728690234
0.309755859375,0.38612666134924406,0.003839752301499995,3.3398675289110797
0.310205078125,0.3872474221444851,0.0038260950224351027,4.757856401388672
0.310654296875,0.38836980712839053,0.003812504662644205,3.186111756011583
0.311103515625,0.38949381630096,0.0037989808104979795,2.554736431535857
0.311552734375,0.39061944966219386,0.003785523057353978,5.098904640969742
0.312001953125,0.3917467072120921,0.00377213099753238,3.1987941332486485
0.312451171875,0.39287558895065444,0.0037588042282919493,5.695937148281131
0.31290039062499997,0.394006094877881,0.003745542349806187,1.4991854291560662
0.313349609375,0.395138224993772,0.003732344965139701,3.7602082408468145
0.313798828125,0.39627197929832725,0.003719211680224775,3.986550536697794
0.31424804687499996,0.3974073577915465,0.0037061421038381277,5.699671222899877
0.314697265625,0.39854436047343034,0.003693135847577884,0.5859423207213484
0.315146484375,0.39968298734397834,0.0036801925258407417,5.062490558332387
0.315595703125,0.4008232384031906,0.0036673117557993224,4.2944926801275205
0.316044921875,0.40196511365106713,0.0036544931573797325,5.407368423861802
0.316494140625,0.40310861308760776,0.003641736353239303,3.8255714414072726
0.316943359375,0.4042537367128129,0.003629040968744529,2.851137692005922
0.317392578125,0.4054004845266822,0.0036164066319492004,5.003466316863825
0.31784179687499997,0.40654885652921563,0.003603832973572705,1.785583716665672
0.318291015625,0.40769885272041356,0.003591319626978538,0.34820284355759984
0.318740234375,0.4088504731002756,0.0035788662281529865,4.712169541522062
0.31918945312499997,0.41000371766880206,0.0035664724156839905,5.104295591569763
0.319638671875,0.41115858642599257,0.0035541378307401977,5.206744951714319
0.320087890625,0.4123150793718476,0.0035418621170501983,2.8129127634529985
0.320537109375,0.41347319650636677,0.0035296449208819195,4.603525885591216
0.320986328125,0.41463293782955,0.003517485891022227,4.483948929079485
0.321435546875,0.4157943033413977,0.0035053846787566727,1.813008320433817
0.321884765625,0.4169572930419098,0.003493340937849436,4.8100236043986575
0.322333984375,0.41812190693108603,0.0034813543245234345,6.05819021831368
0.322783203125,0.41928814500892636,0.003469424497440596,2.2123363383469723
0.323232421875,0.4204560072754312,0.00345755111768231,1.718108798990253
0.323681640625,0.4216254937306002,0.0034457338487300505,3.668490490536741
0.32413085937499997,0.42279660437443334,0.003433972356446147,5.515444070379749
0.324580078125,0.42396933920693103,0.0034222663090547442,3.8220088840472477
0.325029296875,0.4251436982280928,0.0034106153771229137,6.094992001400648
0.325478515625,0.4263196814379189,0.0033990192335419233,5.796954078848393
0.325927734375,0.4274972888364092,0.0033874775535086823,4.465584131575976
0.326376953125,0.4286765204235638,0.003375990014507332,4.441545112800024
0.326826171875,0.4298573761993826,0.0033645562962910007,1.1187445441154684
0.327275390625,0.4310398561638658,0.003353176080863723,2.142876836763674
0.327724609375,0.43222396031701316,0.0033418490524624966,5.0902957454889926
0.328173828125,0.4334096886588248,0.003330574897539513,2.516141428081863
0.328623046875,0.43459704118930065,0.00331935330474453,1.4329224761747086
0.32907226562499997,0.43578601790844085,0.0033081839649073963,0.39661530280668555
0.329521484375,0.4369766188162455,0.00329706657102073,1.4014423841328405
0.329970703125,0.43816884391271393,0.0032860008182227472,3.6261080713718945
0.33041992187499997,0.43936269319784693,0.0032749864037802325,5.8065231925829695
0.330869140625,0.4405581666716444,0.003264023027071658,2.4600008116150582
0.331318359375,0.44175526433410567,0.003253110389570456,4.9607963923059115
0.331767578125,0.4429539861852316,0.003242248194828418,0.8092453453426947
0.332216796875,0.44415433222502165,0.0032314361484592586,5.1694047654739
0.332666015625,0.4453563024534757,0.0032206739581222966,5.827861820673466
0.333115234375,0.4465598968705945,0.003209961333506297,3.1576814206390877
0.333564453125,0.44776511547637726,0.003199297986313443,2.8574358566976494
0.334013671875,0.4489719582708244,0.0031886836302434402,5.705820478125877
0.334462890625,0.4501804252539357,0.003178117980977769,1.4314307063268763
0.334912109375,0.4513905164257114,0.003167600756164067,5.784472409888327
0.33536132812499997,0.4526022317861512,0.00315713167540064,5.764823872394164
0.335810546875,0.45381557133525535,0.0031467104602211134,6.016437286915869
0.336259765625,0.4550305350730238,0.003136336834079217,5.599117766666539
0.336708984375,0.4562471229994566,0.003126010522333687,3.3032881209274128
0.337158203125,0.45746533511455334,0.003115731252233319,4.2836711226807775
0.337607421875,0.4586851714183146,0.003105498752902125,3.348915717993629
0.338056640625,0.45990663191074027,0.0030953127553246347,1.8959321082959448
0.338505859375,0.4611297165918298,0.0030851729923313223,6.224372188288266
0.338955078125,0.4623544254615838,0.003075079198584144,0.156897763349952
0.339404296875,0.46358075852000213,0.0030650311105622145,1.580395949330584
0.339853515625,0.46480871576708455,0.0030550284665476035,5.834851049364434
0.34030273437499997,0.46603829720283124,0.0030450710066112414,5.983531087268604
0.340751953125,0.4672695028272425,0.0030351584725989626,1.7518483224797166
0.341201171875,0.468502332640318,0.00302529060811766,6.281823779330142
0.34165039062499997,0.46973678664205726,0.0030154671585215544,5.105992575049395
0.342099609375,0.47097286483246126,0.0030056878708985876,4.881146276172412
0.342548828125,0.4722105672115294,0.0029959524940569313,3.59301102898501
0.342998046875,0.47344989377926183,0.0029862607785116043,2.4772859963025824
0.343447265625,0.4746908445356584,0.002976612476471216,0.058062420216196835
0.343896484375,0.4759334194807194,0.0029670073418248083,2.297010299618149
0.344345703125,0.4771776186144445,0.002957445130128823,2.354835121345869
0.344794921875,0.47842344193683395,0.0029479255985941743,0.512003242730874
0.345244140625,0.47967088944788766,0.00293844850607343,0.5309556921016632
0.345693359375,0.48091996114760566,0.0029290136130481017,1.6547940946851465
0.346142578125,0.4821706570359878,0.002919620681616055,3.1061117462514116
0.34659179687499997,0.48342297711303434,0.0029102694754790073,4.863936328460052
0.347041015625,0.48467692137874535,0.002900959759930144,3.700036316963206
0.347490234375,0.4859324898331201,0.002891691301841845,3.398967754105636
0.347939453125,0.4871896824761597,0.0028824638696534994,5.005167477079266
0.348388671875,0.48844849930786316,0.002873277233359441,5.328148985310342
0.348837890625,0.4897089403282307,0.002864131164496973,2.7636208369810884
0.349287109375,0.490971005537263,0.0028550254361344985,3.8149409015665112
0.349736328125,0.4922346949349594,0.002845959822859763,5.788531717135546
0.350185546875,0.49350000852131987,0.0028369341007681726,0.5014634612281622
0.350634765625,0.49476694629634493,0.0028279480474512346,3.8258727687144685
0.351083984375,0.49603550826003406,0.002819001441985087,4.878972444288741
0.35153320312499997,0.4973056944123874,0.0028100940649191187,2.6850152095519286
0.351982421875,0.4985775047534051,0.002801225698264696,4.712021592336158
0.352431640625,0.499850939283087,0.0027923961254839825,5.278107006603385
0.35288085937499997,0.5011259980014333,0.002783605131478847,4.802514775836401
0.353330078125,0.5024026809084438,0.002774852502579874,3.3728573759989597
0.353779296875,0.5036809880041184,0.0027661380265354626,4.5513516588853555
0.354228515625,0.5049609192884575,0.002757461492501014,4.45688878118885
0.354677734375,0.5062424747614607,0.00274882269102822,2.4087599343049177
0.355126953125,0.5075256544231282,0.00274022141405443,0.13362380323989417
0.355576171875,0.5088104582734602,0.0027316574548921185,5.967245280963937
0.356025390625,0.5100968863124561,0.0027231306082184338,2.9386153562964488
0.356474609375,0.5113849385401164,0.0027146406700648378,1.875574638582817
0.356923828125,0.5126746149564412,0.002706187437806832,1.5741373642379854
0.357373046875,0.5139659155614298,0.0026977707101537747,2.510091306858575
0.35782226562499997,0.515258840355083,0.0026893902871387722,3.630928971082048
0.358271484375,0.5165533893374005,0.0026810459701086683,3.2531601815396556
0.358720703125,0.5178495625083821,0.002672737561714111,2.401399625015604
0.359169921875,0.519147359868028,0.0026644648658997,0.48863910091402407
0.359619140625,0.5204467814163382,0.0026562276878942283,6.162281247262503
0.360068359375,0.5217478271533126,0.0026480258342009865,0.09872088959464781
0.360517578125,0.5230504970789513,0.002639859112588167,5.779062332486786
0.360966796875,0.5243547911932542,0.002631727332079344,0.19972004187258166
0.361416015625,0.5256607094962216,0.00262363030294402,3.1756910256625646
0.361865234375,0.526968251987853,0.0026155678366882717,4.935239647890337
0.362314453125,0.5282774186681487,0.0026075397460454588,4.169368322032531
0.36276367187499997,0.5295882095371087,0.002599545844967016,4.434310160436067
0.363212890625,0.5309006245947331,0.002591585948613322,0.6125616797648769
0.363662109375,0.5322146638410217,0.002583659873344647,5.428999352846004
0.36411132812499997,0.5335303272759744,0.0025757674367121687,4.0829776647050355
0.364560546875,0.5348476148995915,0.002567908457449068,5.917217305530622
0.365009765625,0.5361665267118728,0.002560082755461703,6.253332416209672
0.365458984375,0.5374870627128188,0.0025522901518208446,4.741552575825134
0.365908203125,0.5388092229024285,0.002544530468752998,5.0589313958868
0.366357421875,0.5401330072807025,0.002536803529631788,6.038332777786523
0.366806640625,0.5414584158476411,0.0025291091589694148,4.519637299897596
0.367255859375,0.5427854486032437,0.0025214471824081945,3.843422761442339
0.367705078125,0.5441141055475105,0.002513817426712147,3.310959573460945
0.368154296875,0.5454443866804418,0.002506219719758675,3.285052835434671
0.368603515625,0.5467762920020373,0.0024986538905303,4.020942770611932
0.36905273437499997,0.548109821512297,0.0024911197691064703,3.9249718252546364
0.369501953125,0.549444975211221,0.0024836171866554346,0.008886975250799494
0.369951171875,0.5507817530988094,0.0024761459754261885,0.937804561149028
0.370400390625,0.5521201551750617,0.0024687059687404796,2.6185934081893163
0.370849609375,0.5534601814399785,0.0024612970009848865,1.8069953685959645
0.371298828125,0.5548018318935597,0.0024539189076029553,4.23811809269073
0.371748046875,0.556145106535805,0.0024465715250874057,6.22453406341753
0.372197265625,0.5574900053667146,0.0024392546909724057,1.6703177567212377
0.372646484375,0.5588365283862884,0.0024319682438258988,5.093747091268386
0.373095703125,0.5601846755945268,0.002424712023242001,2.3333471554193657
0.373544921875,0.561534446991429,0.0024174858698334657,4.5477336756622675
0.37399414062499997,0.5628858425769955,0.0024102896252241957,0.557574997975428
0.374443359375,0.5642388623512267,0.002403123132041833,3.920286931376576
0.374892578125,0.5655935063141216,0.0023959862339103986,3.2708549929661603
0.375341796875,0.5669497744656812,0.0023888787754429955,5.209261064709902
0.375791015625,0.5683076668059049,0.0023818006022345763,0.7449606543436372
0.376240234375,0.5696671833347929,0.0023747515608547607,3.2781785622714104
0.376689453125,0.571028324052345,0.002367731498840717,5.4246824362023345
0.377138671875,0.5723910889585616,0.00236074026469011,4.365244386425009
0.377587890625,0.5737554780534424,0.002353777707854088,1.0100342631006483
0.378037109375,0.5751214913369874,0.002346843678730341,5.36183069518301
0.378486328125,0.5764891288091967,0.0023399380286562156,1.4513504758214866
0.378935546875,0.5778583904700703,0.002333060609901879,0.46307139190990304
0.379384765625,0.579229276319608,0.0023262112756635405,0.5333301075672567
0.379833984375,0.5806017863578101,0.0023193898800567365,4.927599018176566
0.38028320312499997,0.5819759205846765,0.002312596278109655,5.28015150040493
0.380732421875,0.583351679000207,0.002305830325756529,5.533209048502057
0.381181640625,0.5847290616044019,0.002299091879831076,4.7399752783332785
0.381630859375,0.5861080683972613,0.0022923807980599923,5.617346733837963
0.382080078125,0.5874886993787845,0.0022856969390564986,5.828294336329707
0.382529296875,0.5888709545489721,0.0022790401623139426,3.3750943468427983
0.382978515625,0.5902548339078242,0.0022724103281994467,3.9726006114020205
0.383427734375,0.5916403374553405,0.0022658072979476144,5.9906256986270945
0.383876953125,0.5930274651915207,0.0022592309336542816,3.23080291599119
0.384326171875,0.5944162171163656,0.0022526810982703193,1.5126498141700953
0.384775390625,0.5958065932298747,0.002246157655595495,5.897511739546632
0.38522460937499997,0.5971985935320477,0.002239660470272367,0.3184101713457898
0.385673828125,0.5985922180228853,0.0022331894077802445,3.665273737164524
0.386123046875,0.5999874667023872,0.002226744334429187,5.839946054567555
0.386572265625,0.6013843395705533,0.0022203251173540544,4.676967194549818
0.387021484375,0.6027828366273835,0.002213931624508606,3.8043533495182733
0.387470703125,0.6041829578728781,0.0022075637246596444,3.0563746041923148
0.387919921875,0.605584703307037,0.0022012212873812097,1.7126112706818928
0.388369140625,0.60698807292986,0.0021949041830488193,3.5395417305410213
0.388818359375,0.6083930667413475,0.002188612282833751,4.640663844704197
0.389267578125,0.609799684741499,0.0021823454586973766,3.5262098180032395
0.389716796875,0.6112079269303149,0.002176103583385538,4.815382894739092
0.390166015625,0.6126177933077951,0.0021698865304229688,6.076566014828532
0.390615234375,0.6140292838739397,0.00216369417410776,4.01758261232182
0.391064453125,0.6154423986287483,0.0021575263895058745,4.447729233132685
0.39151367187499997,0.6168571375722212,0.002151383052445695,5.336212440421022
0.391962890625,0.6182735007043587,0.0021452640395126284,3.4756584993646626
0.392412109375,0.6196914880251599,0.0021391692280437447,1.811755026319307
0.392861328125,0.621111099534626,0.002133098496122458,4.985671525827027
0.393310546875,0.6225323352327559,0.0021270517225732595,5.182568234178759
0.393759765625,0.6239551951195502,0.002121028786956478,6.156722947006635
0.394208984375,0.6253796791950087,0.002115029569563094,0.1331563164519119
0.394658203125,0.6268057874591315,0.0021090539514095935,3.1857696772650352
0.395107421875,0.6282335199119187,0.0021031018142328517,0.38478536273990194
0.395556640625,0.6296628765533699,0.0020971730404850722,3.118253922225192
0.396005859375,0.6310938573834856,0.0020912675133287605,2.9999213646653455
0.39645507812499997,0.6325264624022655,0.00208538511663173,1.380853270767674
0.396904296875,0.6339606916097096,0.002079525734962159,6.278038101241409
0.397353515625,0.635396545005818,0.0020736892535836832,4.667372911337336
0.397802734375,0.636834022590591,0.002067875558450519,2.425824700740279
0.398251953125,0.6382731243640276,0.002062084536202642,4.994294123085366
0.398701171875,0.6397138503261288,0.00205631607416098,1.5507843905859298
0.399150390625,0.6411562004768945,0.0020505700603226716,1.787875949133752
0.399599609375,0.6426001748163239,0.002044846383356339,4.878191750446154
0.400048828125,0.6440457733444179,0.0020391449325974096,4.367962744408005
0.400498046875,0.6454929960611765,0.00203346559804347,4.931139986046067
0.400947265625,0.646941842966599,0.002027808270349664,2.446275673444108
0.401396484375,0.6483923140606855,0.0020221728408241135,1.1611383339780195
0.401845703125,0.6498444093434368,0.002016559201423387,2.7301752581666894
0.402294921875,0.651298128814852,0.0020109672447480007,4.653845500154545
0.40274414062499997,0.6527534724749314,0.0020053968640379523,5.3176432535020774
0.403193359375,0.6542104403236755,0.001999847953168288,5.668911874800214
0.403642578125,0.6556690323610836,0.0019943204066447144,6.237137397470839
0.404091796875,0.6571292485871559,0.0019888141195992305,1.968143693729409
0.404541015625,0.6585910890018927,0.0019833289877858066,5.265623504004105
0.404990234375,0.6600545536052935,0.001977864907576088,6.273773230456113
0.405439453125,0.6615196423973586,0.001972421775955136,1.756853503549774
0.405888671875,0.662986355378088,0.0019669994905172038,0.03179750665149838
0.406337890625,0.6644546925474818,0.001961597949461541,0.8952384757696994
0.406787109375,0.6659246539055397,0.0019562170515882316,4.886322307675428
0.407236328125,0.667396239452262,0.0019508566962940707,5.050885450143765
0.40768554687499997,0.6688694491876485,0.001945516783568464,1.6320686392739487
0.408134765625,0.6703442831116995,0.001940197213989362,5.907550640978054
0.408583984375,0.6718207412244143,0.001934897888719233,1.4857244078318432
0.409033203125,0.6732988235257937,0.001929618709501056,4.5776805506643745
0.409482421875,0.6747785300158373,0.0019243595786543517,1.1591661571641294
0.409931640625,0.6762598606945448,0.001919120399071243,4.757881363813879
0.410380859375,0.6777428155619172,0.0019139010742125452,0.31930553393489064
0.410830078125,0.6792273946179536,0.0019087015081038867,3.7081242915433825
0.411279296875,0.6807135978626542,0.0019035216053318589,2.192655033937067
0.411728515625,0.6822014252960189,0.0018983612710401962,4.14125613851301
0.412177734375,0.6836908769180481,0.0018932204109259898,5.5718870706804555
0.412626953125,0.6851819527287416,0.0018880989312359208,2.0239934986690695
0.413076171875,0.6866746527280991,0.0018829967387625304,5.975750182678985
0.413525390625,0.6881689769161211,0.0018779137408405195,2.839184424184956
0.41397460937499997,0.6896649252928072,0.001872849845343068,2.5125799222929652
0.414423828125,0.6911624978581578,0.0018678049606781922,1.2850745556774334
0.414873046875,0.6926616946121724,0.0018627789957851265,0.34966389741996057
0.415322265625,0.6941625155548516,0.0018577718601307277,0.3838161990040859
0.415771484375,0.6956649606861947,0.0018527834637059168,5.341618706048712
0.416220703125,0.6971690300062022,0.0018478137170221387,0.045930823703376415
0.416669921875,0.6986747235148743,0.0018428625311078548,4.073391755620965
0.417119140625,0.70018204121221,0.0018379298175050607,3.8304285122955553
0.417568359375,0.7016909830982103,0.00183301548826583,3.6897080511125306
0.418017578125,0.7032015491728751,0.0018281194559488828,2.8894536035259466
0.418466796875,0.7047137394362041,0.0018232416336161862,0.4017043680161324
0.41891601562499997,0.7062275538881969,0.0018183819348295731,1.2090129857134868
0.419365234375,0.7077429925288544,0.0018135402736473923,4.364180346326016
0.419814453125,0.709260055358176,0.0018087165646211824,5.598244214398485
0.420263671875,0.7107787423761619,0.001803910722792369,3.029757369646156
0.420712890625,0.7122990535828121,0.0017991226636889914,2.453027578118874
0.421162109375,0.7138209889781265,0.0017943523033224482,5.236517029917749
0.421611328125,0.7153445485621053,0.0017895995581842722,0.252445600163459
0.422060546875,0.7168697323347482,0.0017848643452429305,3.7609628891110427
0.422509765625,0.7183965402960555,0.0017801465819406433,6.102418746960772
0.422958984375,0.7199249724460269,0.0017754461861902299,2.70201704552548
0.423408203125,0.7214550287846627,0.0017707630763719824,1.8965859723739809
0.423857421875,0.7229867093119626,0.0017660971713305558,2.3400471880943994
0.424306640625,0.724520014027927,0.0017614483903718853,3.6101540524460116
0.424755859375,0.7260549429325555,0.001756816653260129,5.540207740341963
0.425205078125,0.7275914960258485,0.0017522018802146272,4.582029558938872
0.425654296875,0.7291296733078056,0.001747603991906893,2.1517674287626374
0.426103515625,0.7306694747784268,0.0017430229094576167,2.403886647664394
0.426552734375,0.7322109004377125,0.0017384585544336993,3.9899941214322077
0.427001953125,0.7337539502856625,0.0017339108488453072,3.946222615934741
0.427451171875,0.7352986243222763,0.0017293797151429436,0.7155867358862097
0.427900390625,0.736844922547555,0.0017248650762145498,3.624827681852785
0.428349609375,0.7383928449614976,0.0017203668553826235,4.6936278624792855
0.428798828125,0.7399423915641042,0.001715884976401358,0.7992883662975714
0.429248046875,0.7414935623553757,0.001711419363453805,4.874975427676019
0.429697265625,0.7430463573353112,0.0017069699411490604,0.9335601188217586
0.43014648437499997,0.7446007765039109,0.0017025366345194638,0.5433516389415254
0.430595703125,0.7461568198611749,0.0016981193690178262,3.5010402055801695
0.431044921875,0.7477144874071031,0.0016937180705146777,4.9070785585669014
0.431494140625,0.7492737791416956,0.0016893326652955294,3.8727917558091645
0.431943359375,0.7508346950649524,0.0016849630800581646,3.8121548395673903
0.432392578125,0.7523972351768734,0.0016806092419099415,0.5798227615178467
0.432841796875,0.7539613994774591,0.0016762710783651213,3.638359261175283
0.433291015625,0.7555271879667084,0.0016719485173422172,3.235100735582558
0.433740234375,0.7570946006446221,0.001667641487161357,0.0898917107332077
0.434189453125,0.7586636375112005,0.0016633499165416698,4.812629058478112
0.434638671875,0.7602342985664426,0.0016590737345986938,1.3799597306046616
0.435087890625,0.7618065838103493,0.0016548128708417965,2.9126774682676317
0.435537109375,0.7633804932429205,0.0016505672551716196,2.871528640015844
0.435986328125,0.7649560268641553,0.0016463368178775439,4.27438436906208
0.436435546875,0.7665331846740551,0.0016421214896351639,5.416978601798854
0.436884765625,0.7681119666726187,0.001637921201503794,4.9010422133835325
0.437333984375,0.7696923728598466,0.0016337358849239816,1.332529444324934
0.437783203125,0.7712744032357388,0.0016295654717150448,1.4372927692368287
0.438232421875,0.7728580578002954,0.0016254098940726278,2.692383015994433
0.438681640625,0.774443336553516,0.00162126908456627,2.2959860175633056
0.439130859375,0.7760302394954011,0.001617142976136999,4.51663864464538
0.439580078125,0.7776187666259504,0.0016130315020949364,3.4421393474075144
0.440029296875,0.7792089179451639,0.0016089345961169243,2.8301474030598928
0.440478515625,0.7808006934530417,0.001604852192244165,3.797579954769877
0.440927734375,0.7823940931495837,0.0016007842248798856,2.3937525288647725
0.44137695312499997,0.7839891170347901,0.0015967306287870099,5.3916835072392475
0.441826171875,0.7855857651086607,0.0015926913390858545,4.697367926103847
0.442275390625,0.7871840373711956,0.0015886662912518409,5.001503280423056
0.442724609375,0.788783933822395,0.0015846554211132193,6.228862522599992
0.443173828125,0.7903854544622584,0.001580658664848816,4.317225552625723
0.443623046875,0.7919885992907858,0.001576675958985791,4.097047265829148
0.444072265625,0.793593368307978,0.0015727072403974157,4.8145670268651415
0.444521484375,0.7951997615138342,0.0015687524463008668,3.975530956817507
0.444970703125,0.7968077789083543,0.0015648115142550328,6.000723388311815
0.445419921875,0.7984174204915393,0.0015608843821583397,2.55485431222133
0.445869140625,0.8000286862633882,0.0015569709882465926,2.320231950324874
0.446318359375,0.8016415762239012,0.0015530712710908293,0.5387231786135775
0.446767578125,0.803256090373079,0.0015491851695951934,5.924250295889295
0.447216796875,0.8048722287109209,0.001545312622994822,0.5146593178200426
0.447666015625,0.8064899912374269,0.0015414535708537457,5.718930950635846
0.448115234375,0.8081093779525972,0.0015376079530628082,2.228105689632119
0.448564453125,0.8097303888564318,0.0015337757098375967,6.229072864706061
0.449013671875,0.8113530239489305,0.0015299567817163905,0.8253074250188137
0.449462890625,0.8129772832300937,0.001526151109558123,1.5195871057020007
0.449912109375,0.8146031666999209,0.0015223586345403577,4.967191012990689
0.450361328125,0.816230674358413,0.001518579298157279,2.445231326530345
0.450810546875,0.8178598062055685,0.0015148130422177003,2.77061112563627
0.451259765625,0.8194905622413887,0.001511059808843081,1.262919009274531
0.451708984375,0.8211229424658735,0.0015073195404655623,0.9819754670758467
0.452158203125,0.8227569468790219,0.0015035921798260154,5.395094003532987
0.45260742187499997,0.8243925754808349,0.0014998776699721027,3.7183663028914378
0.453056640625,0.8260298282713122,0.0014961759542563551,4.93995980682569
0.453505859375,0.8276687052504533,0.0014924869763342625,2.303310232886544
0.453955078125,0.8293092064182594,0.0014888106801623734,3.0579502257079665
0.454404296875,0.8309513317747296,0.0014851470099964176,5.754257322596061
0.454853515625,0.8325950813198638,0.0014814959103894314,5.687813541563331
0.455302734375,0.8342404550536622,0.0014778573261899036,3.7421236222029997
0.455751953125,0.8358874529761252,0.0014742312025399342,4.281451337132055
0.456201171875,0.8375360750872521,0.0014706174848734012,0.4701048674217418
0.456650390625,0.8391863213870435,0.001467016118914144,2.161677933982531
0.457099609375,0.8408381918754992,0.001463427050674163,3.564525128744557
0.457548828125,0.842491686552619,0.0014598502264518245,2.7769480822448154
0.457998046875,0.8441468054184031,0.0014562855928300818,1.9317442430380483
0.458447265625,0.8458035484728516,0.001452733096674713,4.415929151935552
0.458896484375,0.8474619157159644,0.0014491926851325642,1.4808054818754437
0.459345703125,0.8491219071477412,0.0014456643056298096,5.718320001621305
0.459794921875,0.8507835227681823,0.0014421479058702232,1.3011755090277497
0.460244140625,0.852446762577288,0.0014386434338334597,4.510739492903793
0.460693359375,0.8541116265750575,0.0014351508377733546,3.1059542555093436
0.461142578125,0.8557781147614913,0.0014316700662162273,4.605623203347309
0.461591796875,0.8574462271365899,0.0014282010679592015,2.5482324450914127
0.462041015625,0.8591159637003524,0.0014247437920685397,2.2225787572100693
0.462490234375,0.8607873244527788,0.0014212981878779817,4.048734461877104
0.462939453125,0.8624603093938702,0.0014178642049871015,6.051948232422832
0.463388671875,0.8641349185236257,0.0014144417932596743,4.3260448240743
0.46383789062499997,0.8658111518420448,0.001411030902822052,0.10118382935354732
0.464287109375,0.867489009349129,0.001407631484061553,0.19423717782149955
0.464736328125,0.869168491044877,0.0014042434876248638,1.3402503941312365
0.465185546875,0.8708495969292893,0.0014008668644164477,2.2195858410143883
0.465634765625,0.872532327002366,0.001397501565596971,1.0020052001322948
0.466083984375,0.8742166812641069,0.0013941475425817333,5.990991007470769
0.466533203125,0.8759026597145121,0.0013908047470391123,1.6699378993937026
0.466982421875,0.8775902623535814,0.0013874731308890222,2.8818111575953944
0.467431640625,0.8792794891813152,0.001384152646301377,0.8839852566432784
0.467880859375,0.8809703401977134,0.0013808432456945661,1.9169390924124354
0.468330078125,0.8826628154027754,0.0013775448817339466,3.4294460695450253
0.468779296875,0.8843569147965018,0.0013742575073303353,2.629878963897159
0.469228515625,0.8860526383788928,0.0013709810756385213,0.5583465610310536
0.469677734375,0.8877499861499476,0.001367715540055783,4.69872623933198
0.470126953125,0.8894489581096671,0.0013644608542204165,6.092131358292523
0.470576171875,0.8911495542580505,0.001361216972010276,1.4799406451198633
0.471025390625,0.8928517745950981,0.0013579838475413222,1.3922065198106093
0.471474609375,0.8945556191208105,0.001354761435166181,4.7451620393804035
0.471923828125,0.8962610878351868,0.0013515496894727147,2.853854530976594
0.472373046875,0.8979681807382274,0.0013483485652825986,0.25365663396813887
0.472822265625,0.8996768978299324,0.001345158017649911,0.3024714802619097
0.473271484375,0.9013872391103015,0.001341978001859733,6.166175104610023
0.473720703125,0.9030992045793348,0.0013388084734267548,4.544906010292121
0.474169921875,0.9048127942370325,0.0013356493880938931,3.2378192732417257
0.474619140625,0.9065280080833945,0.0013325007018309223,0.9937848727714279
0.475068359375,0.9082448461184208,0.001329362370833105,5.719855633986862
0.475517578125,0.9099633083421109,0.001326234351519846,2.3572690069979245
0.475966796875,0.9116833947544657,0.001323116600533339,2.061704487534565
0.476416015625,0.9134051053554851,0.001320009074737238,4.964084807796181
0.476865234375,0.915128440145168,0.0013169117312153283,5.14072273196125
0.477314453125,0.9168533991235155,0.001313824527270209,0.12098818571178226
0.477763671875,0.9185799822905275,0.001310747420421985,3.457043924882262
0.478212890625,0.9203081896462034,0.0013076803684069695,2.205560282967323
0.478662109375,0.9220380211905436,0.0013046233291763914,6.096461114221448
0.479111328125,0.9237694769235484,0.0013015762608951144,1.9763622685528965
0.479560546875,0.9255025568452171,0.0012985391219403645,1.8891045217191114
0.480009765625,0.9272372609555499,0.001295511870900466,4.136764492253919
0.480458984375,0.9289735892545478,0.0012924944665735846,5.678367645956851
0.480908203125,0.9307115417422094,0.0012894868679664824,4.034109811626801
0.481357421875,0.9324511184185352,0.001286489034293277,3.5174816639659316
0.481806640625,0.9341923192835253,0.0012835009249742137,0.758916728803076
0.482255859375,0.9359351443371797,0.0012805224996344411,1.6152992676245514
0.482705078125,0.9376795935794984,0.0012775537181027995,5.019204699972699
0.483154296875,0.9394256670104814,0.0012745945404106153,0.8551715199998708
0.483603515625,0.9411733646301286,0.0012716449267905028,5.907654578465061
0.484052734375,0.9429226864384401,0.0012687048376751752,5.9523400950183065
0.484501953125,0.9446736324354159,0.0012657742336962656,4.015290165133375
0.484951171875,0.9464262026210559,0.0012628530756831503,1.8988985600723811
0.485400390625,0.9481803969953602,0.0012599413246617865,5.806319571830616
0.485849609375,0.9499362155583285,0.0012570389418535544,5.011452234692866
0.486298828125,0.9516936583099617,0.0012541458886741058,4.630641977364859
0.486748046875,0.9534527252502588,0.0012512621267322256,0.8900176467274297
0.487197265625,0.9552134163792199,0.001248387617828694,3.8356623170568893
0.487646484375,0.9569757316968457,0.0012455223239551613,5.13556631664575
0.488095703125,0.9587396712031355,0.0012426662072930312,1.4565213274794921
0.488544921875,0.9605052348980894,0.0012398192302123458,1.6242937834151983
0.488994140625,0.9622724227817081,0.001236981355270683,2.811852475603081
0.489443359375,0.9640412348539907,0.00123415254521206,5.048581223786073
0.489892578125,0.9658116711149376,0.0012313327629658447,0.6062422376581285
0.490341796875,0.9675837315645488,0.0012285219716456713,4.412355832638795
0.490791015625,0.9693574162028242,0.0012257201345483681,3.6230075979965637
0.491240234375,0.971132725029764,0.0012229272151528879,4.456735428689602
0.491689453125,0.9729096580453679,0.0012201431771192482,0.9688206097373462
0.492138671875,0.9746882152496363,0.0012173679842874786,6.064637810347686
0.492587890625,0.9764683966425688,0.0012146016006765717,0.9768193390477007
0.493037109375,0.9782502022241656,0.0012118439904834474,5.179583393874824
0.493486328125,0.9800336319944265,0.001209095118081917,0.05763671574535127
0.493935546875,0.9818186859533521,0.0012063549480216572,4.520754938953772
0.494384765625,0.9836053641009413,0.001203623445027196,1.9142149113773637
0.494833984375,0.9853936664371952,0.0012009005739968936,2.3777371967634005
0.495283203125,0.9871835929621137,0.0011981863000019423,5.527164631908304
0.495732421875,0.9889751436756956,0.0011954805882853652,2.4723878649139075
0.496181640625,0.9907683185779421,0.001192783404261024,3.3548345204092076
0.496630859375,0.9925631176688535,0.0011900947135126336,3.872337137318041
0.497080078125,0.9943595409484285,0.0011874144817927846,0.07284055587755282
0.497529296875,0.996157588416668,0.001184742675021967,4.344467633336948
0.497978515625,0.9979572600735718,0.0011820792592876072,5.961453286767976
0.498427734375,0.9997585559191395,0.0011794242008431061,2.5239549786603392
0.498876953125,1.001561475953372,0.001176777466106886,5.292821991486772
0.499326171875,1.0033660201762682,0.001174139021661444,1.4404135351784983
0.499775390625,1.005172188587829,0.0011715088342524093,3.430793352541367
