source,task,comparison,metric,value,notes,url
Cubuk2019_AutoAugment,CIFAR-10 classification,AutoAugment vs previous SOTA,Error reduction (percentage points),0.6,Reported on CVPR 2019 open access page,https://openaccess.thecvf.com/content_CVPR_2019/html/Cubuk_AutoAugment_Learning_Augmentation_Strategies_From_Data_CVPR_2019_paper.html
Cubuk2020_RandAugment,ImageNet classification (EffNet-B7),RandAugment vs baseline augmentation,Top-1 gain (percentage points),1.0,Reported on CVPRW 2020 open access page,https://openaccess.thecvf.com/content_CVPRW_2020/html/w40/Cubuk_Randaugment_Practical_Automated_Data_Augmentation_With_a_Reduced_Search_Space_CVPRW_2020_paper.html
Cubuk2020_RandAugment,COCO object detection,RandAugment vs baseline augmentation,mAP gain lower bound (percentage points),1.0,Lower bound from reported 1.0-1.3 range,https://openaccess.thecvf.com/content_CVPRW_2020/html/w40/Cubuk_Randaugment_Practical_Automated_Data_Augmentation_With_a_Reduced_Search_Space_CVPRW_2020_paper.html
Vadidar2022_UnifiedRGBT,FLIR RGBT object detection,EBAM fusion vs prior SOTA,mAP gain (percentage points),10.0,Reported in arXiv abstract,https://arxiv.org/abs/2206.03943
Li2023_ADCNet,M3FD misaligned RGBT detection,Spatial discrepancy calibration,mAP50 gain (percentage points),1.7,Reported in Remote Sensing 2023 text,https://www.mdpi.com/2072-4292/15/19/4887
Li2023_ADCNet,M3FD misaligned RGBT detection,Spatial discrepancy calibration,mAP gain (percentage points),2.9,Reported in Remote Sensing 2023 text,https://www.mdpi.com/2072-4292/15/19/4887
Li2024_FD2Net,FLIR infrared-visible object detection,FD2-Net reported absolute score,mAP (%),82.9,Reported in arXiv abstract (AAAI 2025),https://arxiv.org/abs/2412.09258
Li2024_FD2Net,M3FD infrared-visible object detection,FD2-Net reported absolute score,mAP (%),83.5,Reported in arXiv abstract (AAAI 2025),https://arxiv.org/abs/2412.09258
Li2024_FD2Net,LLVIP infrared-visible object detection,FD2-Net reported absolute score,mAP (%),96.2,Reported in arXiv abstract (AAAI 2025),https://arxiv.org/abs/2412.09258
