commit_index,full_sha,short_sha,date,subject,mean_total_time_secs,std_total_time_secs,mean_pct_solved,mean_pct_optimal,mean_avg_diff,speedup_vs_baseline
1,70239482ffbb7e6eedf1d8dcfcc78d4afe772b67,7023948,2026-04-05,Use weighted A* for HW3 search,1.84542,0.02066,100.00000,59.73154,2.26846,1.00000
2,488a1aa7d0884a417f330ac75e49b2c47ae61586,488a1aa,2026-04-06,Speed up weighted A* search for HW3,0.88180,0.01579,100.00000,59.73154,2.26846,2.09279
3,ae2075d47329884c5be88ec11e933d2c546f9433,ae2075d,2026-04-06,Generalize weighted A* HW3 search,1.88519,0.11922,100.00000,59.73154,2.26846,0.97890
4,a49533c92c584c21a18681f6812decb680ddc5dc,a49533c,2026-04-06,Optimize batched weighted A* search,1.18793,0.04617,100.00000,56.37584,4.20134,1.55348
5,5800aa321a06a6be5fa52034a663481a5f3234d4,5800aa3,2026-04-06,Optimize generic search caching,0.82761,0.02086,100.00000,56.37584,4.20134,2.22982
6,31847879f543c0e4ee550fae16b055235fbe47b7,3184787,2026-04-06,Optimize search with int-keyed caches and C heap extension,0.63877,0.00546,100.00000,56.37584,4.20134,2.88903
7,8e2c73e87c7e81ae6ec6bdb7fb8263f6c56b2035,8e2c73e,2026-04-06,"Optimize search: W=8, numpy forward pass, flat dynamics cache",0.52969,0.01156,100.00000,55.70470,5.91946,3.48394
8,47ee23ead498a98200d4fdb2bbaebda338d62383,47ee23e,2026-04-06,Tune weight to 7.0 for safer optimality margin,0.53929,0.00626,100.00000,56.37584,5.44966,3.42192
9,db83f4ab95128da66edb0206b42a50393ec2054f,db83f4a,2026-04-06,Optimize HW3 weighted search loop,0.50365,0.00409,100.00000,51.00671,6.53691,3.66412
